path	origin	original_sha256	revision_sha256	status
.gitignore	accepted	82dc18c9541934a5367bcc7006663d0b88af208e54593488f9b1d13800524aef	82dc18c9541934a5367bcc7006663d0b88af208e54593488f9b1d13800524aef	unchanged
AGENTS.md	accepted	9ab34cdb8fab2615f347454b0e59d10a5ad8b2e249b49beba9e1296636b87560	9ab34cdb8fab2615f347454b0e59d10a5ad8b2e249b49beba9e1296636b87560	unchanged
backend/.dockerignore	accepted	3ff7f4851eb1eb1af6fece191d8d058586a88c59fc156d9ff0d6f06f160a555b	3ff7f4851eb1eb1af6fece191d8d058586a88c59fc156d9ff0d6f06f160a555b	unchanged
backend/Dockerfile	accepted	cfddff8b87ebb3fe374d90136e160d0a93a5150f1298909c278728b09db7e8d3	cfddff8b87ebb3fe374d90136e160d0a93a5150f1298909c278728b09db7e8d3	unchanged
backend/alembic.ini	accepted	2a59c48858089bb6d9d2e1d5ddb0f1555b419389665880c3ea53f28fe8fdf801	2a59c48858089bb6d9d2e1d5ddb0f1555b419389665880c3ea53f28fe8fdf801	unchanged
backend/alembic/env.py	accepted	2e0b013955e851395fdd1ab9e9babe8e7ddd456ab34de97282b7f367a5146e12	2e0b013955e851395fdd1ab9e9babe8e7ddd456ab34de97282b7f367a5146e12	unchanged
backend/alembic/versions/0001_initial.py	accepted	3c37ddf0f5c86dc2351d320864e78087e4cbbb635f89d85e2cb60b0ed66941ad	3c37ddf0f5c86dc2351d320864e78087e4cbbb635f89d85e2cb60b0ed66941ad	unchanged
backend/app/__init__.py	accepted	d9d6e46bc8e7139c66575f64eafa2611446b20b82ee9dcdd57d74d996e0b9afb	d9d6e46bc8e7139c66575f64eafa2611446b20b82ee9dcdd57d74d996e0b9afb	unchanged
backend/app/adapters/__init__.py	accepted	5a3df7a7885a9a51cc9525854b2f2dfd3e1a8ca7c80b89377c2dcd16f632503a	5a3df7a7885a9a51cc9525854b2f2dfd3e1a8ca7c80b89377c2dcd16f632503a	unchanged
backend/app/adapters/cancellation.py	accepted	8a61e446412335abc09a3d1402c9e91a2d89e8764138c77506ac07d3c2a76459	8a61e446412335abc09a3d1402c9e91a2d89e8764138c77506ac07d3c2a76459	unchanged
backend/app/adapters/document.py	accepted	696492aef67bebb4fa6c67a1fd2a998e8c91eb61c0f4362359b236a17cd0abea	696492aef67bebb4fa6c67a1fd2a998e8c91eb61c0f4362359b236a17cd0abea	unchanged
backend/app/adapters/mysql.py	accepted	83fda5400697f9d6839aa35bf8a7e82450e0d62e3aefe22fdf1a8666d6878f19	83fda5400697f9d6839aa35bf8a7e82450e0d62e3aefe22fdf1a8666d6878f19	unchanged
backend/app/adapters/mysql_family.py	accepted	00c1fb5098c1006130e41b4037db3f90bfbb8f9c0f25e0a47beededb500525a9	00c1fb5098c1006130e41b4037db3f90bfbb8f9c0f25e0a47beededb500525a9	unchanged
backend/app/adapters/mysql_family_metadata.py	accepted	f1e8c78c545b4d4525342418355fdbbf82ad67d843f182d84e06270f0084cfd8	f1e8c78c545b4d4525342418355fdbbf82ad67d843f182d84e06270f0084cfd8	unchanged
backend/app/adapters/postgresql.py	accepted	a135e8599406d4b245413b08379664752a5279f4a8c7e22033daa5b4fa92fd5c	a135e8599406d4b245413b08379664752a5279f4a8c7e22033daa5b4fa92fd5c	unchanged
backend/app/adapters/registry.py	accepted	36bb4af4e124d14e11416391d270aff4039de70e8ffadc8785a3004a7471b83a	36bb4af4e124d14e11416391d270aff4039de70e8ffadc8785a3004a7471b83a	unchanged
backend/app/adapters/relational.py	accepted	2a314a0db476f5805bd9f547e609d9592e5a78e8f837fed6fe6d91a022e5019a	2a314a0db476f5805bd9f547e609d9592e5a78e8f837fed6fe6d91a022e5019a	unchanged
backend/app/adapters/safety.py	accepted	a54c3e2f2743a31aa2ac27ee0d2416d2f9c98c49ed7af9748618848ab8975fe2	a54c3e2f2743a31aa2ac27ee0d2416d2f9c98c49ed7af9748618848ab8975fe2	unchanged
backend/app/adapters/types.py	accepted	156490717278c33488e8c0d66621b252ef7f2b3b9adae1b2ad963e23fcd40ee0	156490717278c33488e8c0d66621b252ef7f2b3b9adae1b2ad963e23fcd40ee0	unchanged
backend/app/agent/cancellation.py	accepted	dae07269efd86886a2b71c905ad44aa50c3346e6a2fb8fb59a12b8c88a1333e0	dae07269efd86886a2b71c905ad44aa50c3346e6a2fb8fb59a12b8c88a1333e0	unchanged
backend/app/agent/compare.py	frozen	239d15f76f668eb23c3b9bf226d426539ac9926bc403793833f7038744f83437	239d15f76f668eb23c3b9bf226d426539ac9926bc403793833f7038744f83437	unchanged
backend/app/agent/compare_locale.py	frozen	97879ede1ed68435f9fd28c906769926fc23951b05ef6e94f07d68967802b04c	b2855d5d2f2271424608fc6ecee18653c8283e6f605a9fc9004d149d5f48d035	allowed_two_strings
backend/app/agent/context_runtime.py	accepted	4d8828c4b3a319f886c7904fd0ce7d1278635a2e1c7dab4a308a01100694d065	4d8828c4b3a319f886c7904fd0ce7d1278635a2e1c7dab4a308a01100694d065	unchanged
backend/app/agent/graph.py	accepted	b3eaf7bb239782b7943b6013f7c64231b39df3afa53936d6cdf09e7512e49d74	b3eaf7bb239782b7943b6013f7c64231b39df3afa53936d6cdf09e7512e49d74	unchanged
backend/app/agent/graph_sql.py	frozen	08cd055a8e5ecdefa5c75026070ab50a49c7d5f5eca930b06d6cc1e47454eb88	08cd055a8e5ecdefa5c75026070ab50a49c7d5f5eca930b06d6cc1e47454eb88	unchanged
backend/app/agent/model.py	accepted	f9b38580e1a40feb7f6b4928043119fc4912384a08af2290889344780ea3aafa	f9b38580e1a40feb7f6b4928043119fc4912384a08af2290889344780ea3aafa	unchanged
backend/app/agent/output_guard.py	accepted	bb9bfe8ed7e979a4da1f3c91226d334a56d9e61f97ac8c9d9023f69a9f0050e7	bb9bfe8ed7e979a4da1f3c91226d334a56d9e61f97ac8c9d9023f69a9f0050e7	unchanged
backend/app/agent/prompts.py	accepted	297a84989ef7e8b12838667ad8da5c052157cf4cd2d6f3d0ca644ffe4c31e756	297a84989ef7e8b12838667ad8da5c052157cf4cd2d6f3d0ca644ffe4c31e756	unchanged
backend/app/agent/sql_errors.py	accepted	df1f62c65f658a74c39a7f54dc51674c41ff0165e1ab2fd488261dc1acd3989d	df1f62c65f658a74c39a7f54dc51674c41ff0165e1ab2fd488261dc1acd3989d	unchanged
backend/app/agent/streaming.py	accepted	000b7b16762570ca2350d1f8fd6e67cf4e2fc7c9194c8151c50a47c75bdadfef	000b7b16762570ca2350d1f8fd6e67cf4e2fc7c9194c8151c50a47c75bdadfef	unchanged
backend/app/agent/tools.py	frozen	3a22fc695db916b81064c7f41f8e68f766fcd9a0a1b435df57150215ac0a1f9c	3a22fc695db916b81064c7f41f8e68f766fcd9a0a1b435df57150215ac0a1f9c	unchanged
backend/app/agent/types.py	accepted	ca3d9e29853d6830ad5aa09b4effb09bc9cdbe99922b77c60ee8e5671136c691	ca3d9e29853d6830ad5aa09b4effb09bc9cdbe99922b77c60ee8e5671136c691	unchanged
backend/app/agent/workflow.py	accepted	cc5c6eb8e3e0a3e7815b91f1eba3ba73257707b9d6c98016c95439a6147306f3	cc5c6eb8e3e0a3e7815b91f1eba3ba73257707b9d6c98016c95439a6147306f3	unchanged
backend/app/agent/workflow_rows.py	accepted	50634ec543bd9d60e6ba794e6eeca412fdce1b31f0df9182f58e65970acc6b1c	50634ec543bd9d60e6ba794e6eeca412fdce1b31f0df9182f58e65970acc6b1c	unchanged
backend/app/agent/workflow_schema.py	accepted	0118992da630dd9908f70a2cbc0cc8b203c3b813ed9aa20f2f929988d410ebe3	0118992da630dd9908f70a2cbc0cc8b203c3b813ed9aa20f2f929988d410ebe3	unchanged
backend/app/agent/workflow_values.py	accepted	658641a777ea1571dafad8bea1da62f93da569822414cfa56c473b2031cdc92b	658641a777ea1571dafad8bea1da62f93da569822414cfa56c473b2031cdc92b	unchanged
backend/app/api/__init__.py	accepted	497f9375fef554be09b3a1ec33aa99b78d90f22c884272a19fd6fe694179331e	497f9375fef554be09b3a1ec33aa99b78d90f22c884272a19fd6fe694179331e	unchanged
backend/app/api/auth.py	accepted	cad290457044d6d3277d9118d2715966c4c10a575ba6ec74104534f10f410457	cad290457044d6d3277d9118d2715966c4c10a575ba6ec74104534f10f410457	unchanged
backend/app/api/chat.py	accepted	9f943654adc77dac2ec83307b2c05560046dc42ec58b5264aa47b279ea8c778d	9f943654adc77dac2ec83307b2c05560046dc42ec58b5264aa47b279ea8c778d	unchanged
backend/app/api/db_config.py	accepted	0c6f6c967c980652deb38a8a0b829055c65bbb4c03650bfc15bc45017acf14b2	0c6f6c967c980652deb38a8a0b829055c65bbb4c03650bfc15bc45017acf14b2	unchanged
backend/app/api/file.py	accepted	9b25476c4b2d19f69d911ae52aae40f06337d339b2871ef3592ca0355c8cfea7	9b25476c4b2d19f69d911ae52aae40f06337d339b2871ef3592ca0355c8cfea7	unchanged
backend/app/api/model_config.py	accepted	e61931303a787e9ca6366b0d3f69ae94da1e37d77ce6604de8ca020f07320059	e61931303a787e9ca6366b0d3f69ae94da1e37d77ce6604de8ca020f07320059	unchanged
backend/app/api/system.py	accepted	f49db231db8d189785f9edb4a2d9a54e588cee98da9db54c567300b845d57c66	f49db231db8d189785f9edb4a2d9a54e588cee98da9db54c567300b845d57c66	unchanged
backend/app/core/auth.py	accepted	1818e12ecbbcd12b5bb745c09a6ce0bcc2deb4be3cf8d67a598be4ef2d1bab57	1818e12ecbbcd12b5bb745c09a6ce0bcc2deb4be3cf8d67a598be4ef2d1bab57	unchanged
backend/app/core/config.py	accepted	5d9431f0a8db2204e1a4bd7d3432ac1bd1a1582ee0d024bbe9afded826e19844	5d9431f0a8db2204e1a4bd7d3432ac1bd1a1582ee0d024bbe9afded826e19844	unchanged
backend/app/core/database.py	accepted	1f46d7d5daef01c6d4f45b2f02629bbc61ccd80c39fafe6dbc453032c5c961a8	1f46d7d5daef01c6d4f45b2f02629bbc61ccd80c39fafe6dbc453032c5c961a8	unchanged
backend/app/core/errors.py	accepted	d5bafccc975555a05f5cfd41256d0a33651d37e5984a6f776870653b14385dfa	d5bafccc975555a05f5cfd41256d0a33651d37e5984a6f776870653b14385dfa	unchanged
backend/app/core/localization.py	accepted	da91f3b5aebd05cf804d7525c0a6bc4fd3f4311247ea50b033cbd0ed11194897	da91f3b5aebd05cf804d7525c0a6bc4fd3f4311247ea50b033cbd0ed11194897	unchanged
backend/app/core/ownership.py	accepted	b852a8a0316b08cc8639a3a37c6a518e02f9f1967dabee39abee29130b1c0a4b	b852a8a0316b08cc8639a3a37c6a518e02f9f1967dabee39abee29130b1c0a4b	unchanged
backend/app/core/security.py	accepted	82f6f659d078af30fc558f5cea61bcc199c21a3728051efffdbb5312d7fed95d	82f6f659d078af30fc558f5cea61bcc199c21a3728051efffdbb5312d7fed95d	unchanged
backend/app/main.py	accepted	074c73bd8e4a349aed439b31d32cac2c6b14e63a2575c46e0b5d5f581188ef32	074c73bd8e4a349aed439b31d32cac2c6b14e63a2575c46e0b5d5f581188ef32	unchanged
backend/app/models/__init__.py	accepted	bd3f62bd07bbd0db82b1b7520fdd4387049c92fcaec6230257908cc563ce5c09	bd3f62bd07bbd0db82b1b7520fdd4387049c92fcaec6230257908cc563ce5c09	unchanged
backend/app/models/entities.py	accepted	6bf8dafc1c0025d7e80f5fdd3dacda73d512ff0bc7be57b6a8ed5b32cf207d46	6bf8dafc1c0025d7e80f5fdd3dacda73d512ff0bc7be57b6a8ed5b32cf207d46	unchanged
backend/app/resources/i18n/messages.properties	accepted	6a27d24d1cd89644798c8a5c2521a8eb509d536a39322ce7be298b4a4a1680fb	6a27d24d1cd89644798c8a5c2521a8eb509d536a39322ce7be298b4a4a1680fb	unchanged
backend/app/resources/i18n/messages_es.properties	accepted	f8a7762d05afe482fe13a2f5edaa41e34476bbc06c36f5e6e0f5d5f8be7ffde9	f8a7762d05afe482fe13a2f5edaa41e34476bbc06c36f5e6e0f5d5f8be7ffde9	unchanged
backend/app/resources/i18n/messages_fr.properties	accepted	8727200039388ca784fa10f80e5aa7d40d4d912046cfd92cf71da450ba7e807b	8727200039388ca784fa10f80e5aa7d40d4d912046cfd92cf71da450ba7e807b	unchanged
backend/app/resources/i18n/messages_ja.properties	accepted	fcaab9e91c385c1237a45627b2fbb3d9f7be0fe11a4262191ebdb43fd22b9113	fcaab9e91c385c1237a45627b2fbb3d9f7be0fe11a4262191ebdb43fd22b9113	unchanged
backend/app/resources/i18n/messages_ms.properties	accepted	1a96dfd905d9c614a02d8247db5c7bfabef0969411bfd424188fd7f64a17c098	1a96dfd905d9c614a02d8247db5c7bfabef0969411bfd424188fd7f64a17c098	unchanged
backend/app/resources/i18n/messages_zh_CN.properties	accepted	897f95bb1755da83f953fa4eb811c140b8033f7bf1277edd6f404aea9c620651	897f95bb1755da83f953fa4eb811c140b8033f7bf1277edd6f404aea9c620651	unchanged
backend/app/resources/i18n/messages_zh_TW.properties	accepted	158e948074d7370b059aadccf04d600627d77bd316fb968930180987a9fc9673	158e948074d7370b059aadccf04d600627d77bd316fb968930180987a9fc9673	unchanged
backend/app/resources/prompts/_context-policy_en.md	accepted	47d3b4e912ea846aad69921f8ae13b74cb8fc741fcff192aceaf3aa4f16753db	47d3b4e912ea846aad69921f8ae13b74cb8fc741fcff192aceaf3aa4f16753db	unchanged
backend/app/resources/prompts/_context-policy_zh_CN.md	accepted	2b4ee90d6e763ab2b5659de119ec3acb3151f0d14b85ba09bfc5fd1e1d7d4ecb	2b4ee90d6e763ab2b5659de119ec3acb3151f0d14b85ba09bfc5fd1e1d7d4ecb	unchanged
backend/app/resources/prompts/db-compare-agent-system_en.md	accepted	49f0f5efeea720acf9c8e0f28c7c294e95a0df4d3050aa77b0bf3e4bd5d4724f	49f0f5efeea720acf9c8e0f28c7c294e95a0df4d3050aa77b0bf3e4bd5d4724f	unchanged
backend/app/resources/prompts/db-compare-agent-system_zh_CN.md	accepted	c106b8f592bfd66010e0dbfd11b0fc4575105bb9166b7ba3d8bf2248586f7ca3	c106b8f592bfd66010e0dbfd11b0fc4575105bb9166b7ba3d8bf2248586f7ca3	unchanged
backend/app/resources/prompts/db-sql-agent-system_en.md	accepted	9dbcd9582bc019bb78abed56b7c0bafc868321cbe359bb24dbd6fe5c86d90e46	9dbcd9582bc019bb78abed56b7c0bafc868321cbe359bb24dbd6fe5c86d90e46	unchanged
backend/app/resources/prompts/db-sql-agent-system_zh_CN.md	accepted	3c9e1132dd3266fbade0418586c4cb364027122e7e0c6b1769d1a68f9ebd434c	3c9e1132dd3266fbade0418586c4cb364027122e7e0c6b1769d1a68f9ebd434c	unchanged
backend/app/resources/prompts/db-workflow-agent-files_en.md	accepted	e600ef46d77942a13f4cc5a63006a233d79be14b248dac8e772bf053dab34aa6	e600ef46d77942a13f4cc5a63006a233d79be14b248dac8e772bf053dab34aa6	unchanged
backend/app/resources/prompts/db-workflow-agent-files_zh_CN.md	accepted	8e94a7ca47d9fc6d07fadef967ea43ed517ac0ade8292ca6a1eb28ab687571c0	8e94a7ca47d9fc6d07fadef967ea43ed517ac0ade8292ca6a1eb28ab687571c0	unchanged
backend/app/resources/prompts/db-workflow-agent-system_en.md	accepted	c98cce74669b8ffb3d0c504a9da5ab837b152624857b097b88a15b16ea35ada8	c98cce74669b8ffb3d0c504a9da5ab837b152624857b097b88a15b16ea35ada8	unchanged
backend/app/resources/prompts/db-workflow-agent-system_zh_CN.md	accepted	4a7d5dd7c05591a1772690a7d268b72cb30649ada55c80bb23a30412712ab367	4a7d5dd7c05591a1772690a7d268b72cb30649ada55c80bb23a30412712ab367	unchanged
backend/app/resources/prompts/intent-classifier_en.md	accepted	b557d0fc19aee19a1624bd24e871c2c8005c745e544f9ae7229d8caab910be8e	b557d0fc19aee19a1624bd24e871c2c8005c745e544f9ae7229d8caab910be8e	unchanged
backend/app/resources/prompts/intent-classifier_zh_CN.md	accepted	7ee47d189ae283dafb2cb04afa3726e0bf093212f7622572967ae011ca949b22	7ee47d189ae283dafb2cb04afa3726e0bf093212f7622572967ae011ca949b22	unchanged
backend/app/resources/prompts/simple-chat-agent-system_en.md	accepted	e9eabdb1183c1a5916c1500853421e994c9a7b6dc205ab5923b1ad24687b525f	e9eabdb1183c1a5916c1500853421e994c9a7b6dc205ab5923b1ad24687b525f	unchanged
backend/app/resources/prompts/simple-chat-agent-system_zh_CN.md	accepted	ade189621e001d18fbce579ebabc09ad661137b0acfa2b2b96c8c932ec22abd6	ade189621e001d18fbce579ebabc09ad661137b0acfa2b2b96c8c932ec22abd6	unchanged
backend/app/resources/prompts/step-condenser_en.md	accepted	b1a8f5598ae114089fc190eb9c0852eaeaab4bb470cc95c61ac842a0a3673390	b1a8f5598ae114089fc190eb9c0852eaeaab4bb470cc95c61ac842a0a3673390	unchanged
backend/app/resources/prompts/step-condenser_zh_CN.md	accepted	bc7a9a9ce34f69bd59fe41775bc25c5ea2167e3e6a1111f617854aa5e20ce8d2	bc7a9a9ce34f69bd59fe41775bc25c5ea2167e3e6a1111f617854aa5e20ce8d2	unchanged
backend/app/resources/prompts/summary-compressor_en.md	accepted	2c8aca8370ee3a675cf3588e248c4ff336cc7b54be4853b88c59fcbb669ffe16	2c8aca8370ee3a675cf3588e248c4ff336cc7b54be4853b88c59fcbb669ffe16	unchanged
backend/app/resources/prompts/summary-compressor_zh_CN.md	accepted	89eabdc125d264c85ba708ad8d914d10698c53bfd0b304c86ad37ae3c8b7fce3	89eabdc125d264c85ba708ad8d914d10698c53bfd0b304c86ad37ae3c8b7fce3	unchanged
backend/app/resources/prompts/tool-call-summary_en.md	accepted	068da577549590f5a26355e43a731d093aaac22f37ac4078a0acb5617f987c43	068da577549590f5a26355e43a731d093aaac22f37ac4078a0acb5617f987c43	unchanged
backend/app/resources/prompts/tool-call-summary_zh_CN.md	accepted	48fb8a8cb3edc2d28fb1c25b4ebcdd2289cee0abafbb8a79cb7c69604a8cb74b	48fb8a8cb3edc2d28fb1c25b4ebcdd2289cee0abafbb8a79cb7c69604a8cb74b	unchanged
backend/app/schemas/__init__.py	accepted	aeefbc2d8dae9aaeea1de04fa12cdb51d3210f6c96a31e9735f0697b902b7caa	aeefbc2d8dae9aaeea1de04fa12cdb51d3210f6c96a31e9735f0697b902b7caa	unchanged
backend/app/schemas/auth.py	accepted	f98969ec76f487a1bba589a8ccc6b8c4e208aa8240ca02c96d5e870d845b4c5c	f98969ec76f487a1bba589a8ccc6b8c4e208aa8240ca02c96d5e870d845b4c5c	unchanged
backend/app/schemas/base.py	accepted	4e14819c1dddb7b252c0f2ab0ab6bc602f5b603b3cfb94d338963f74e3b67376	4e14819c1dddb7b252c0f2ab0ab6bc602f5b603b3cfb94d338963f74e3b67376	unchanged
backend/app/schemas/context_compress.py	accepted	be1e897271ce83f2fcc9736166ee2785970765258f4fb5ce8fd3c6a0e85c746d	be1e897271ce83f2fcc9736166ee2785970765258f4fb5ce8fd3c6a0e85c746d	unchanged
backend/app/schemas/db_config.py	accepted	676164a7e4af2a64b6f93620f3c3c578fad54b9748981186de4ed7aa6b9973be	676164a7e4af2a64b6f93620f3c3c578fad54b9748981186de4ed7aa6b9973be	unchanged
backend/app/schemas/model_config.py	accepted	7f3b229605cd02d67e6f8355d5c59cbea332ba9aa06de786bf274fc947599c1f	7f3b229605cd02d67e6f8355d5c59cbea332ba9aa06de786bf274fc947599c1f	unchanged
backend/app/schemas/uploaded_file.py	accepted	eeb1815e18b6df7890f994eb88bf506bb2d9eff0f7657ad9a5c87b3d5f2c6276	eeb1815e18b6df7890f994eb88bf506bb2d9eff0f7657ad9a5c87b3d5f2c6276	unchanged
backend/app/services/auth.py	accepted	43df0d72eb92043f17f09647a3543ffab6fc8177146916734bb29ce008b54443	43df0d72eb92043f17f09647a3543ffab6fc8177146916734bb29ce008b54443	unchanged
backend/app/services/bootstrap.py	accepted	2e709d497ab249529af8b4a266f58b023aff02f9b682649b71e8749f3a529976	2e709d497ab249529af8b4a266f58b023aff02f9b682649b71e8749f3a529976	unchanged
backend/app/services/chat_store.py	accepted	1c14963336566a8d8a4aba3b29d76518c3451f0234d1a2ef38606376d229dec8	1c14963336566a8d8a4aba3b29d76518c3451f0234d1a2ef38606376d229dec8	unchanged
backend/app/services/context_compress.py	accepted	02af24ca443b739f1e9fc7e3a525beb6aaeb422abf19686eba817d5a2db3c64b	02af24ca443b739f1e9fc7e3a525beb6aaeb422abf19686eba817d5a2db3c64b	unchanged
backend/app/services/database_tools.py	frozen	988839a47191b978ce84dee2c62b21b5b872a8f45f7febaf177c745fa22bb2bb	988839a47191b978ce84dee2c62b21b5b872a8f45f7febaf177c745fa22bb2bb	unchanged
backend/app/services/db_config.py	accepted	250b46994522e8ba6fc7626dc6db6634675bb10adbfa27b7272f4e4474f2fe3c	250b46994522e8ba6fc7626dc6db6634675bb10adbfa27b7272f4e4474f2fe3c	unchanged
backend/app/services/db_config_common.py	accepted	ed5709c009f4e7a709fade03a7fe3a2c0be66b3d647cc33387d3ff293f7ecb6e	ed5709c009f4e7a709fade03a7fe3a2c0be66b3d647cc33387d3ff293f7ecb6e	unchanged
backend/app/services/db_config_init.py	accepted	9ccd9802ff95e8aa68fa9346970f66d2ef27d9a5b25f401bdeb8ea9d1ebcf0f2	9ccd9802ff95e8aa68fa9346970f66d2ef27d9a5b25f401bdeb8ea9d1ebcf0f2	unchanged
backend/app/services/db_config_worker.py	accepted	fbd20b4ae9dd874a9da689d045e5fab5018d327d29a851b41f0e68af24b0ed5b	fbd20b4ae9dd874a9da689d045e5fab5018d327d29a851b41f0e68af24b0ed5b	unchanged
backend/app/services/file_tools.py	accepted	79a736f0c4fe3e6ff29d447740b672cbf9e16a535ba2fc7f49ac31b64c60caa7	79a736f0c4fe3e6ff29d447740b672cbf9e16a535ba2fc7f49ac31b64c60caa7	unchanged
backend/app/services/file_upload.py	accepted	cc060f3cbaa56472f38e9842a6ac7ab5a9a1fb4999a0d881e8f7e07c5cdfa8ce	cc060f3cbaa56472f38e9842a6ac7ab5a9a1fb4999a0d881e8f7e07c5cdfa8ce	unchanged
backend/app/services/model_config.py	accepted	dd70275129773371a308574c6786603c78185aab0715906190f36766c353991f	dd70275129773371a308574c6786603c78185aab0715906190f36766c353991f	unchanged
backend/app/services/model_config_info.py	accepted	31e3181e37671b0bce122dd6559c409b164e3a05982722add340f8cef54d77b4	31e3181e37671b0bce122dd6559c409b164e3a05982722add340f8cef54d77b4	unchanged
backend/app/services/schema_diff.py	frozen	771aa302508e78a99f5b12b67d63c62fe446ea20426e70066b77f6f42c691d7e	771aa302508e78a99f5b12b67d63c62fe446ea20426e70066b77f6f42c691d7e	unchanged
backend/app/storage/backend.py	accepted	a337e11123023b8b528f1184b9dbf2b95fc1ba4659f28c49daefe28f317b89db	a337e11123023b8b528f1184b9dbf2b95fc1ba4659f28c49daefe28f317b89db	unchanged
backend/app/storage/local.py	accepted	79fb1a35714ebf90ad02f788c0525494545c0bc53f4ff1e46c98c8eaa66c7b4d	79fb1a35714ebf90ad02f788c0525494545c0bc53f4ff1e46c98c8eaa66c7b4d	unchanged
backend/app/storage/ocr.py	accepted	0f392f596def9b2fa2dbbbfd459ac58c75bb1c58a67ad84ca26530cf655dbe5f	0f392f596def9b2fa2dbbbfd459ac58c75bb1c58a67ad84ca26530cf655dbe5f	unchanged
backend/app/storage/oss.py	accepted	4f6801c1c4c152613ba5723694c030b6c2bad25faafd717cc593c963020e93e0	4f6801c1c4c152613ba5723694c030b6c2bad25faafd717cc593c963020e93e0	unchanged
backend/app/storage/parsers/__init__.py	accepted	4eb144c60af046ea2259aa0b0795e7fdad7a2d7f52a1c0cf48787485a89fb71b	4eb144c60af046ea2259aa0b0795e7fdad7a2d7f52a1c0cf48787485a89fb71b	unchanged
backend/app/storage/parsers/documents.py	accepted	e7d6d4d80537a44fa2cd9070069fd82e94228c8ce9618b63ff7ae3fa5b8d40a6	e7d6d4d80537a44fa2cd9070069fd82e94228c8ce9618b63ff7ae3fa5b8d40a6	unchanged
backend/app/storage/parsers/tabular.py	accepted	64ea0b104e8fd740c5d6235101e30bbade6e3ab5c9e348be824211f763d7fb04	64ea0b104e8fd740c5d6235101e30bbade6e3ab5c9e348be824211f763d7fb04	unchanged
backend/app/storage/parsers/zip_guard.py	accepted	3e21e9a83b6fb1d916ecf1345ca6a261a995212bd3e3af10444f14c029f78e09	3e21e9a83b6fb1d916ecf1345ca6a261a995212bd3e3af10444f14c029f78e09	unchanged
backend/app/storage/validation.py	accepted	eb7848b5b577e96013041f79dd6d4929c2b4d3720699ca609aabbe9e678c297d	eb7848b5b577e96013041f79dd6d4929c2b4d3720699ca609aabbe9e678c297d	unchanged
backend/app/tasks/__init__.py	accepted	94499d2c4b930bb4bb5c98712489f59510d2c62abfabf9b3e7c98b9a87a56606	94499d2c4b930bb4bb5c98712489f59510d2c62abfabf9b3e7c98b9a87a56606	unchanged
backend/app/tasks/celery_app.py	accepted	77c4ef31e7c95be9769a7d2870b6430ba0cc15a12b40a0d159d9f5027a37939e	77c4ef31e7c95be9769a7d2870b6430ba0cc15a12b40a0d159d9f5027a37939e	unchanged
backend/app/tasks/db_config.py	accepted	1f4636f7d54985b3a978a49201f9732d754395f420678af2672f3c1287c74b82	1f4636f7d54985b3a978a49201f9732d754395f420678af2672f3c1287c74b82	unchanged
backend/pyproject.toml	accepted	9a0adae9eff337881ae3e3e644b4c9e0519088a991ede86b6165eb614207f02d	9a0adae9eff337881ae3e3e644b4c9e0519088a991ede86b6165eb614207f02d	unchanged
backend/tests/adapter_cancel_fakes.py	accepted	270877b44ce88500b5682fc17b72af2c84d33514cad3a41d804e957e5200bd25	270877b44ce88500b5682fc17b72af2c84d33514cad3a41d804e957e5200bd25	unchanged
backend/tests/fixtures/s10_sample.xls	accepted	e17dc6d08c8967b92bc67e91cd2a718febe9003094ad006ac2f7c6dc8382417c	e17dc6d08c8967b92bc67e91cd2a718febe9003094ad006ac2f7c6dc8382417c	unchanged
backend/tests/real_model_answers.py	accepted	18b7643d1fa52c337c2125f8ce873246ce9af3957dc66ae0f5b4052ef37806c5	18b7643d1fa52c337c2125f8ce873246ce9af3957dc66ae0f5b4052ef37806c5	unchanged
backend/tests/real_model_answers_test.py	accepted	495e977149958b189d9b9e616ca41c69683cf618bf71dce0b64ff3fa88f69920	495e977149958b189d9b9e616ca41c69683cf618bf71dce0b64ff3fa88f69920	unchanged
backend/tests/real_model_api.py	accepted	9be2b72d261b788f53539a0c9056f878a85d437ec89be1e87004d47831f12930	9be2b72d261b788f53539a0c9056f878a85d437ec89be1e87004d47831f12930	unchanged
backend/tests/real_model_cases.py	accepted	adbb9979573e42eecec686691ac2f8fb5184267cc0d1323aed9f4225d0a35275	adbb9979573e42eecec686691ac2f8fb5184267cc0d1323aed9f4225d0a35275	unchanged
backend/tests/real_model_database.py	accepted	251702c4d1c054ff8e99ec0a56d48a299922fa761d2d28c91c9ad22c24ac9ba8	251702c4d1c054ff8e99ec0a56d48a299922fa761d2d28c91c9ad22c24ac9ba8	unchanged
backend/tests/real_model_evidence.py	accepted	5591226eccfc932181457ca404f79f464b4c97c3a32ef32f0b8cd662cd273b5d	5591226eccfc932181457ca404f79f464b4c97c3a32ef32f0b8cd662cd273b5d	unchanged
backend/tests/real_model_evidence_test.py	accepted	80e06739732595315b378e053d6d777c64e54a7bc1dfca1e51be0ea94d7a3746	80e06739732595315b378e053d6d777c64e54a7bc1dfca1e51be0ea94d7a3746	unchanged
backend/tests/real_model_oracle_test.py	accepted	15d1d65adb242d88eb5380f6071c2d54d7e291dd180a34e1611797bb899f975c	15d1d65adb242d88eb5380f6071c2d54d7e291dd180a34e1611797bb899f975c	unchanged
backend/tests/real_model_oracles.py	accepted	05739dae034dd32b8f02a34ae625d2f9a11314a8156f8881c429d5ea213339a8	05739dae034dd32b8f02a34ae625d2f9a11314a8156f8881c429d5ea213339a8	unchanged
backend/tests/real_model_relay.py	accepted	406f3c54a382156e6de5d714506f6e51bb965f21c4ecaaa1a7a38c83eb981f1f	406f3c54a382156e6de5d714506f6e51bb965f21c4ecaaa1a7a38c83eb981f1f	unchanged
backend/tests/real_model_relay_body.py	accepted	07bd63c4d930c7ca6c942cf416a26c994bc6b841aed06e0f7be7d880a5445923	07bd63c4d930c7ca6c942cf416a26c994bc6b841aed06e0f7be7d880a5445923	unchanged
backend/tests/real_model_relay_body_test.py	accepted	6027f113ff70eea95c60a156656c7b6ae7b7fa49e9525470f82c7ab58091dcf2	6027f113ff70eea95c60a156656c7b6ae7b7fa49e9525470f82c7ab58091dcf2	unchanged
backend/tests/real_model_relay_test.py	accepted	d9cd49aa832edf9dd286fd77fbf9f1d0801af09475c61f68a3c63588500fcadf	d9cd49aa832edf9dd286fd77fbf9f1d0801af09475c61f68a3c63588500fcadf	unchanged
backend/tests/real_model_report.py	accepted	d9df37d0f72e4891ceef7ee203b89c9cf0bab3a2895a842eb82fa221aaa57d2c	d9df37d0f72e4891ceef7ee203b89c9cf0bab3a2895a842eb82fa221aaa57d2c	unchanged
backend/tests/real_model_runner.py	accepted	3dc300a8b11f6abf21cc66fc9b8e9875d97c42479d14c1ce7e39d92cd9abfc51	3dc300a8b11f6abf21cc66fc9b8e9875d97c42479d14c1ce7e39d92cd9abfc51	unchanged
backend/tests/test_adapters_cancellation.py	accepted	3442a0dbac480bde1cd54104e7cf31e2d4f435ddc386cfe4a5dd8285d98ee52e	3442a0dbac480bde1cd54104e7cf31e2d4f435ddc386cfe4a5dd8285d98ee52e	unchanged
backend/tests/test_adapters_contract.py	accepted	c04466f209abc3ec529a5c5316e4c838977adb3bb31f28fbd2531217ac7b37fe	c04466f209abc3ec529a5c5316e4c838977adb3bb31f28fbd2531217ac7b37fe	unchanged
backend/tests/test_adapters_integration.py	accepted	3c3104bcafb0aff80aec9c6376c7d272cb3e5543ed4562cc54309a819328bbc2	3c3104bcafb0aff80aec9c6376c7d272cb3e5543ed4562cc54309a819328bbc2	unchanged
backend/tests/test_adapters_safety.py	accepted	114eebd34a7f1e603c0e762c874e0a1b7059251a376405afce90828ce1847ebd	114eebd34a7f1e603c0e762c874e0a1b7059251a376405afce90828ce1847ebd	unchanged
backend/tests/test_chat_abort.py	accepted	a49fae0c19392334a5d670a242828a9c5a90410ce5944f677b777d301cdfd0fb	a49fae0c19392334a5d670a242828a9c5a90410ce5944f677b777d301cdfd0fb	unchanged
backend/tests/test_chat_abort_api.py	accepted	4d4d3c5b4033db5ce65ebdc3050986d40835f057e29845a42b71f32434d4f46c	4d4d3c5b4033db5ce65ebdc3050986d40835f057e29845a42b71f32434d4f46c	unchanged
backend/tests/test_chat_abort_real_api.py	accepted	27b5bb83585c4dc1409c244367aaf40445054b32258fa7f861a30d78da628d41	27b5bb83585c4dc1409c244367aaf40445054b32258fa7f861a30d78da628d41	unchanged
backend/tests/test_chat_api.py	accepted	173a50b601321b68564321ece22824a58b53c51764934d1edc0104a5f4b8781e	173a50b601321b68564321ece22824a58b53c51764934d1edc0104a5f4b8781e	unchanged
backend/tests/test_chat_graph.py	accepted	25c4cc7b2289aff33d2952e42a1884c3bc55b4d1f9412b4a1228c16952dafbc0	25c4cc7b2289aff33d2952e42a1884c3bc55b4d1f9412b4a1228c16952dafbc0	unchanged
backend/tests/test_chat_integration.py	accepted	92a70af81e1bf8387efdef066634611af6c987fed5348b015450342d3c94c7c1	92a70af81e1bf8387efdef066634611af6c987fed5348b015450342d3c94c7c1	unchanged
backend/tests/test_compare_api.py	frozen	dc5c4a359f8603a8745c286a43ee85a43fed187d8b8eacff99943d5c6d5248c5	dc5c4a359f8603a8745c286a43ee85a43fed187d8b8eacff99943d5c6d5248c5	unchanged
backend/tests/test_compare_evidence.py	frozen	c87ffe4944d770a3cf80754c265d4e5f9767f37be7a71d84e955c5f75fe743f1	c87ffe4944d770a3cf80754c265d4e5f9767f37be7a71d84e955c5f75fe743f1	unchanged
backend/tests/test_compare_graph.py	frozen	a437b3e02bebd9b5873e0cfd4659b7911b342616fc23ddc0157b63ade95bad3b	a437b3e02bebd9b5873e0cfd4659b7911b342616fc23ddc0157b63ade95bad3b	unchanged
backend/tests/test_compare_locale.py	frozen	31c0a3e94ac9db1df7a4d17d0991537fb055e8c792e658a0563743625757402a	31c0a3e94ac9db1df7a4d17d0991537fb055e8c792e658a0563743625757402a	unchanged
backend/tests/test_compare_reads.py	frozen	1b6c866f7afede827580cb6324d38f539fcf6afcfc124ca276fa0595836720bd	1b6c866f7afede827580cb6324d38f539fcf6afcfc124ca276fa0595836720bd	unchanged
backend/tests/test_compare_safety_integration.py	frozen	061070af4ff87497e92543f23528ac65b8312a3f127f9544a4638e40bcb4a04a	061070af4ff87497e92543f23528ac65b8312a3f127f9544a4638e40bcb4a04a	unchanged
backend/tests/test_context_cancel.py	accepted	ecaac0c8a88d7e43f72a7abf2952705f9cb257b6e60526f7ac1aaccae29293d5	ecaac0c8a88d7e43f72a7abf2952705f9cb257b6e60526f7ac1aaccae29293d5	unchanged
backend/tests/test_context_compress.py	accepted	8e4b1a280c083ef4ad86a22f6a75fcf82c0de1474e2aa2f4bf1643920a7a3f5c	8e4b1a280c083ef4ad86a22f6a75fcf82c0de1474e2aa2f4bf1643920a7a3f5c	unchanged
backend/tests/test_core_auth.py	accepted	cbe9cc2b750529ce9fbf4da221578bbc03d26b5adcd2be1774345af153684c48	cbe9cc2b750529ce9fbf4da221578bbc03d26b5adcd2be1774345af153684c48	unchanged
backend/tests/test_core_contracts.py	accepted	6743d531acd05e39842b41f11177e7418b3838968a00b7c8e2659b13d5517dc0	6743d531acd05e39842b41f11177e7418b3838968a00b7c8e2659b13d5517dc0	unchanged
backend/tests/test_db_config.py	accepted	599578d26e0fc5a24d33b50295f74f6b35b3a887a3f99a40df00bfb2ee566640	599578d26e0fc5a24d33b50295f74f6b35b3a887a3f99a40df00bfb2ee566640	unchanged
backend/tests/test_db_config_partial.py	accepted	a50f16a9e5d89887cdaf03574a4600dae05d178a53c5cb71fa0f35c6dbb5ebd0	a50f16a9e5d89887cdaf03574a4600dae05d178a53c5cb71fa0f35c6dbb5ebd0	unchanged
backend/tests/test_file_tools.py	accepted	945960c12adaaf9f31f0d145996857bd3c89c366cb4d40c8afbb1408d6affa64	945960c12adaaf9f31f0d145996857bd3c89c366cb4d40c8afbb1408d6affa64	unchanged
backend/tests/test_file_upload.py	accepted	06f23933089a1834b920b941914e5610d8d5a275c7382311cdcde71d4e8fc245	06f23933089a1834b920b941914e5610d8d5a275c7382311cdcde71d4e8fc245	unchanged
backend/tests/test_file_upload_persistence.py	accepted	b3a52e41f8c122971165b70c686914e25c16fc1b8a76795bffded92a5156ac57	b3a52e41f8c122971165b70c686914e25c16fc1b8a76795bffded92a5156ac57	unchanged
backend/tests/test_mariadb_integration.py	accepted	bafae073bf8970bdd74b32709dca3114563a3f218438af8a963a7f9f9293d831	bafae073bf8970bdd74b32709dca3114563a3f218438af8a963a7f9f9293d831	unchanged
backend/tests/test_model_config.py	accepted	fd7ca81c7224380fcf75f39a49060d06f0516ea619e6b456b572886af22782c5	fd7ca81c7224380fcf75f39a49060d06f0516ea619e6b456b572886af22782c5	unchanged
backend/tests/test_model_parameters.py	accepted	ce1c6b19c12a32aa96dc525268ba85b570b60c959a7977af12e31be372637ae6	ce1c6b19c12a32aa96dc525268ba85b570b60c959a7977af12e31be372637ae6	unchanged
backend/tests/test_model_protocol.py	accepted	b3215d86bda85b76b39fc5b73820425d92d2cac801bbcb08d29268946b82ad46	b3215d86bda85b76b39fc5b73820425d92d2cac801bbcb08d29268946b82ad46	unchanged
backend/tests/test_mysql_family.py	accepted	b959ef456638c8b4cb541413227e4059ac1938040088fb288aa135bab07e712b	b959ef456638c8b4cb541413227e4059ac1938040088fb288aa135bab07e712b	unchanged
backend/tests/test_mysql_family_metadata_errors.py	accepted	f88b463ee3d7f67245fb1823acf3d33c37505676b1fe8e78a9d6430f623fe1b0	f88b463ee3d7f67245fb1823acf3d33c37505676b1fe8e78a9d6430f623fe1b0	unchanged
backend/tests/test_mysql_family_outcomes.py	accepted	e656cfcd27af1535a26caf39f9544a654b08f9f581f6efa5dc6bb8a9f3c12cae	e656cfcd27af1535a26caf39f9544a654b08f9f581f6efa5dc6bb8a9f3c12cae	unchanged
backend/tests/test_mysql_family_workflow.py	accepted	34714f221b682a22f1e82f7a8188e4c178629c8ed4207aeb517e517346f1251e	34714f221b682a22f1e82f7a8188e4c178629c8ed4207aeb517e517346f1251e	unchanged
backend/tests/test_ocr_boundaries.py	accepted	cade15e49365f8ef349a525e18d3f51861aaba2d2a403ecef0966f9b440955c4	cade15e49365f8ef349a525e18d3f51861aaba2d2a403ecef0966f9b440955c4	unchanged
backend/tests/test_output_guard_contract.py	accepted	538ae502f680b753ddb296e415831ff6f0332fbdb6fa6cdf9b0ad2d757377e4a	538ae502f680b753ddb296e415831ff6f0332fbdb6fa6cdf9b0ad2d757377e4a	unchanged
backend/tests/test_pg_read_cursors.py	accepted	2d737c0ae94b8273a27950e116acb9904ae608c8e61be00ac06a4b78e73bb494	2d737c0ae94b8273a27950e116acb9904ae608c8e61be00ac06a4b78e73bb494	unchanged
backend/tests/test_prompts.py	accepted	b82fc4fd6b722e14cb27b8bce78e8258457432ce4c682643ebeb9e912fb12afd	b82fc4fd6b722e14cb27b8bce78e8258457432ce4c682643ebeb9e912fb12afd	unchanged
backend/tests/test_runtime_governance.py	accepted	b223ffc29ef9fee061317a97334fcd9d991eebf9f714006a2edd49f2584c2d90	b223ffc29ef9fee061317a97334fcd9d991eebf9f714006a2edd49f2584c2d90	unchanged
backend/tests/test_schema_diff.py	frozen	3cb97873c8a09353e7ddd53d48c1a5fe9204ab6d0e5108bd20319e4da380ade4	3cb97873c8a09353e7ddd53d48c1a5fe9204ab6d0e5108bd20319e4da380ade4	unchanged
backend/tests/test_schema_diff_integration.py	frozen	542e0b33db010b6e79988a36b3cd3245f0d273d584bdb7535e4ff6156dbfe12d	542e0b33db010b6e79988a36b3cd3245f0d273d584bdb7535e4ff6156dbfe12d	unchanged
backend/tests/test_sql_error_boundary.py	accepted	bb504e8f00723be9a191c80f7d546b72fd03ca25777e8d985a8ac84e129920a1	bb504e8f00723be9a191c80f7d546b72fd03ca25777e8d985a8ac84e129920a1	unchanged
backend/tests/test_sql_repair.py	accepted	3503c7e91235a33b3b49eeaa6ba9539856bbda06f93e23792031d716e7caa488	3503c7e91235a33b3b49eeaa6ba9539856bbda06f93e23792031d716e7caa488	unchanged
backend/tests/test_sql_termination.py	accepted	86ac5df03538dc93659d9a242ca12d6ae0896f318f22e0de4cbba95660ec725f	86ac5df03538dc93659d9a242ca12d6ae0896f318f22e0de4cbba95660ec725f	unchanged
backend/tests/test_workflow_corrections.py	accepted	1c63580819aed72bcd5f78132642cf99e1e0f112d3f9b1f6ab8102dd2dffe8ad	1c63580819aed72bcd5f78132642cf99e1e0f112d3f9b1f6ab8102dd2dffe8ad	unchanged
backend/tests/test_workflow_evidence.py	accepted	837f63b9f8d611150334990ddde4360dd0eb5bf62d7bdd4459063fdf910e0351	837f63b9f8d611150334990ddde4360dd0eb5bf62d7bdd4459063fdf910e0351	unchanged
backend/tests/test_workflow_graph.py	accepted	3b8165427c497d5a2c118ce7a99e633f0876a53b570dccd7b7a5f94746269f90	3b8165427c497d5a2c118ce7a99e633f0876a53b570dccd7b7a5f94746269f90	unchanged
backend/tests/test_workflow_identifiers.py	accepted	042e90354d97b1e9be9d93531f49a536bd62ebeccb1e08dfa6f1f0a82b78aaec	042e90354d97b1e9be9d93531f49a536bd62ebeccb1e08dfa6f1f0a82b78aaec	unchanged
backend/tests/test_workflow_integration.py	accepted	97579c4867df5d1d682ada8b4599b556e25897903455adf603ca6d37863cd5a5	97579c4867df5d1d682ada8b4599b556e25897903455adf603ca6d37863cd5a5	unchanged
backend/tests/test_workflow_large_import.py	accepted	3b351d6eba3fc722a1724ccb571477b8028b84d44d940f72265d828e7e68a512	3b351d6eba3fc722a1724ccb571477b8028b84d44d940f72265d828e7e68a512	unchanged
backend/tests/test_workflow_sql_repair.py	accepted	13cbae26d959af713d548ed126c9878236c0ba58a4e36c9c8907cff0bb3c9429	13cbae26d959af713d548ed126c9878236c0ba58a4e36c9c8907cff0bb3c9429	unchanged
backend/tests/test_workflow_text.py	accepted	a826f118db3d9237350b24c0f6b36c23eba82af55f83f389bff42dad49d04f35	a826f118db3d9237350b24c0f6b36c23eba82af55f83f389bff42dad49d04f35	unchanged
backend/uv.lock	accepted	ab52d6c35597c4b8c302016b2dc1f73c83d97f483a79afda389dfef462b18dcc	ab52d6c35597c4b8c302016b2dc1f73c83d97f483a79afda389dfef462b18dcc	unchanged
docs/phase-00-baseline/README.md	accepted	25a67aa6825654c835bcaf0476549297d60bfa9392108952fd2ddb5e4c464a5a	25a67aa6825654c835bcaf0476549297d60bfa9392108952fd2ddb5e4c464a5a	unchanged
docs/phase-01-foundation/system-contracts.md	accepted	cd39e7d81c9a5f8f569cb9e24002943ed6359f4db35674255238e444568c79ea	cd39e7d81c9a5f8f569cb9e24002943ed6359f4db35674255238e444568c79ea	unchanged
docs/phase-01-frontend/README.md	accepted	f9b6eaec73e704ab03772ed938ebba0ae72d694117bc03f66c02eacff919e0e4	f9b6eaec73e704ab03772ed938ebba0ae72d694117bc03f66c02eacff919e0e4	unchanged
docs/phase-03-model-config/implementation.md	accepted	8dd0f4e532f0851604b4d8076ec40e228fd41d8d881762d4a96422b6ad596d8a	8dd0f4e532f0851604b4d8076ec40e228fd41d8d881762d4a96422b6ad596d8a	unchanged
docs/phase-03-model-flash/README.md	accepted	036085a3eae4d74b946f7d70bd01180e6688f4ac8317841bef6c0808711fedaf	036085a3eae4d74b946f7d70bd01180e6688f4ac8317841bef6c0808711fedaf	unchanged
docs/phase-04-first-databases/README.md	accepted	c8016bd850c8369cd2c0980b7a744d18cce1a46b1eff587b4ea2f0f1f522fc1a	c8016bd850c8369cd2c0980b7a744d18cce1a46b1eff587b4ea2f0f1f522fc1a	unchanged
docs/phase-05-background-verification/README.md	accepted	217256669f080b51c774cf1736ab549f38735c7f83742276756ef2ae8f28475c	217256669f080b51c774cf1736ab549f38735c7f83742276756ef2ae8f28475c	unchanged
docs/phase-05-partial-metadata-fix/README.md	accepted	20cf914de9cc54919943c89759c4f7fffa50e040999fd957f97bd8c138c22455	20cf914de9cc54919943c89759c4f7fffa50e040999fd957f97bd8c138c22455	unchanged
docs/phase-05-partial-metadata-fix/checks.json	accepted	87fbe81d0d591276afe3e9fa74bc90972480fc824a7dc7c9e44157a2f2952ae4	87fbe81d0d591276afe3e9fa74bc90972480fc824a7dc7c9e44157a2f2952ae4	unchanged
docs/phase-05-partial-metadata-fix/freeze.json	accepted	9cbd035e5f82a86a9cdc9c889d877ee3deeeebfe4ca3f3ca34189e069e6c0fdc	9cbd035e5f82a86a9cdc9c889d877ee3deeeebfe4ca3f3ca34189e069e6c0fdc	unchanged
docs/phase-05-partial-metadata-fix/main-checks.txt	accepted	ab62b4cbadf6e0536efd0902992abe8b87aecb15e7826c1f0b628cabd266c4a8	ab62b4cbadf6e0536efd0902992abe8b87aecb15e7826c1f0b628cabd266c4a8	unchanged
docs/phase-05-partial-metadata-fix/main-review.md	accepted	40f97fb782d556ac624603b38410f1cd8a85b065e125ddb89a3346bcf8d969ed	40f97fb782d556ac624603b38410f1cd8a85b065e125ddb89a3346bcf8d969ed	unchanged
docs/phase-05-pg-read-cursors/README.md	accepted	15840bb5bf60e733d73119187409c4d14dfe3d54c9626f63ad7883d83e82ccb3	15840bb5bf60e733d73119187409c4d14dfe3d54c9626f63ad7883d83e82ccb3	unchanged
docs/phase-05-pg-read-cursors/files.tsv	accepted	9196ae344c205906c2cdabd2d9fc427cf7d1a3cfa6b61c6a99bbacaa365ba597	9196ae344c205906c2cdabd2d9fc427cf7d1a3cfa6b61c6a99bbacaa365ba597	unchanged
docs/phase-05-pg-read-cursors/main-checks.txt	accepted	19594cf757d4cf71dd99fc159a6affb29838440acb89443c57da3854fd2fe84c	19594cf757d4cf71dd99fc159a6affb29838440acb89443c57da3854fd2fe84c	unchanged
docs/phase-05-pg-read-cursors/main-review.md	accepted	3911a620ae15e4503653d28533b30575747a5d50c8b05bf4a5176e7b6810b7fd	3911a620ae15e4503653d28533b30575747a5d50c8b05bf4a5176e7b6810b7fd	unchanged
docs/phase-05-pg-read-cursors/mypy.txt	accepted	b53a8850538df2d0a027862ba159e61e4e1d6e1bed4c84456c9af44b405ee56d	b53a8850538df2d0a027862ba159e61e4e1d6e1bed4c84456c9af44b405ee56d	unchanged
docs/phase-05-pg-read-cursors/preserved.tsv	accepted	d04ac1f52be094abea40621b2bc1823d4980771e79d918d447c4efbf5a3be4cf	d04ac1f52be094abea40621b2bc1823d4980771e79d918d447c4efbf5a3be4cf	unchanged
docs/phase-05-pg-read-cursors/pytest.txt	accepted	9c6546ea37f817d5b2341fa0210d24e5f7ec2df00fbb890519ca873a3e74abe2	9c6546ea37f817d5b2341fa0210d24e5f7ec2df00fbb890519ca873a3e74abe2	unchanged
docs/phase-05-pg-read-cursors/ruff.txt	accepted	a4443afdcfb6d7363adb285762515ccf7cf50473b1a05c20c1a50f6bed4d26b0	a4443afdcfb6d7363adb285762515ccf7cf50473b1a05c20c1a50f6bed4d26b0	unchanged
docs/phase-05-pg-read-cursors/run-checks.ps1	accepted	ff193c474003a19fa07a95134c0d85db9c119e9b9dd579a1767ac3757d77a169	ff193c474003a19fa07a95134c0d85db9c119e9b9dd579a1767ac3757d77a169	unchanged
docs/phase-06-model-parameters/README.md	accepted	8e5038b52326940fbe06a272883f9d88d9a4ce5d28c4499e0415ec2fcab9d876	8e5038b52326940fbe06a272883f9d88d9a4ce5d28c4499e0415ec2fcab9d876	unchanged
docs/phase-06-model-parameters/files.tsv	accepted	b48e45a8f8abfc346cd46a9489cf9302287d8a9afc3a4441c7369970311ff1a5	b48e45a8f8abfc346cd46a9489cf9302287d8a9afc3a4441c7369970311ff1a5	unchanged
docs/phase-06-model-parameters/main-mypy.txt	accepted	cc38e4fc47772ad940dc87c85d49e2bf3c30fa502f4836102c10b21ca3a62954	cc38e4fc47772ad940dc87c85d49e2bf3c30fa502f4836102c10b21ca3a62954	unchanged
docs/phase-06-model-parameters/main-provider-smoke.json	accepted	32f8adbd7061519218b7e1c8213b8bcc0d2bb96818516e14910b36bb63a5a581	32f8adbd7061519218b7e1c8213b8bcc0d2bb96818516e14910b36bb63a5a581	unchanged
docs/phase-06-model-parameters/main-pytest.txt	accepted	a31bd982d6028dd210aea99944292383210f25b827cc28fc27c8d936381dfac4	a31bd982d6028dd210aea99944292383210f25b827cc28fc27c8d936381dfac4	unchanged
docs/phase-06-model-parameters/main-review.md	accepted	1f4c0ee5f5d115aa7f357b40358b00226979c3fd268682fd4b76de4565700f18	1f4c0ee5f5d115aa7f357b40358b00226979c3fd268682fd4b76de4565700f18	unchanged
docs/phase-06-model-parameters/main-ruff.txt	accepted	a4443afdcfb6d7363adb285762515ccf7cf50473b1a05c20c1a50f6bed4d26b0	a4443afdcfb6d7363adb285762515ccf7cf50473b1a05c20c1a50f6bed4d26b0	unchanged
docs/phase-06-model-parameters/mypy.txt	accepted	cc38e4fc47772ad940dc87c85d49e2bf3c30fa502f4836102c10b21ca3a62954	cc38e4fc47772ad940dc87c85d49e2bf3c30fa502f4836102c10b21ca3a62954	unchanged
docs/phase-06-model-parameters/pytest.txt	accepted	e8b6b96b80ee437463e6efa4faaf311d03413c4744de3c7c5dd06053f49d513d	e8b6b96b80ee437463e6efa4faaf311d03413c4744de3c7c5dd06053f49d513d	unchanged
docs/phase-06-model-parameters/ruff.txt	accepted	a4443afdcfb6d7363adb285762515ccf7cf50473b1a05c20c1a50f6bed4d26b0	a4443afdcfb6d7363adb285762515ccf7cf50473b1a05c20c1a50f6bed4d26b0	unchanged
docs/phase-06-model-parameters/run-checks.ps1	accepted	19daf4a9cf3b33a4a13f180d947ed6dfeef485cbedbe1524d0de662296c0a7cb	19daf4a9cf3b33a4a13f180d947ed6dfeef485cbedbe1524d0de662296c0a7cb	unchanged
docs/phase-06-model-protocol/README.md	accepted	e19785af5e6976cde7e1beba2bcd9a27fc28fe665f4344f39b6bf8c8c598bf59	e19785af5e6976cde7e1beba2bcd9a27fc28fe665f4344f39b6bf8c8c598bf59	unchanged
docs/phase-07-core-chat/README.md	accepted	3a0fdd1e5bf5285a4550c07e4602aae0591fdd31c4bf9390ab479a236d68dc21	3a0fdd1e5bf5285a4550c07e4602aae0591fdd31c4bf9390ab479a236d68dc21	unchanged
docs/phase-07-frontend/browser-e2e.md	accepted	1c70b31ec592e9dfaeb9dffc2de730f822b8f708aca593077fb9af2e16fead56	1c70b31ec592e9dfaeb9dffc2de730f822b8f708aca593077fb9af2e16fead56	unchanged
docs/phase-07-frontend/chat-contract.md	accepted	459db86bd83d529c4db986b3f0256c461d5d35a70049b5660061c2b3aa66c766	459db86bd83d529c4db986b3f0256c461d5d35a70049b5660061c2b3aa66c766	unchanged
docs/phase-08-chat-abort/README.md	accepted	eed979ada8a88576d467793a1cdfdb5ca4cda333bb9a16cc7221a4fe3297e56a	eed979ada8a88576d467793a1cdfdb5ca4cda333bb9a16cc7221a4fe3297e56a	unchanged
docs/phase-08-driver-cancel/README.md	accepted	5ca7b8f4b0b56604d9eca4619199802480a60071d5e40dbe10e4738ebab133d2	5ca7b8f4b0b56604d9eca4619199802480a60071d5e40dbe10e4738ebab133d2	unchanged
docs/phase-09-acceptance/README.md	accepted	dfac86cd0a50c76642e8f9e3091d53673ed56bd8df8240e8f0052eb686f65596	dfac86cd0a50c76642e8f9e3091d53673ed56bd8df8240e8f0052eb686f65596	unchanged
docs/phase-09-acceptance/checks.txt	accepted	1e5024f70cd26ed6073e3b1387d41ac7f788afaaa4357400a1370e6cf4252f79	1e5024f70cd26ed6073e3b1387d41ac7f788afaaa4357400a1370e6cf4252f79	unchanged
docs/phase-09-acceptance/files.tsv	accepted	ade3a906e6e74b88cd79c266c44e6af4bcfae4cca01e63e74fc8fa0bec48de54	ade3a906e6e74b88cd79c266c44e6af4bcfae4cca01e63e74fc8fa0bec48de54	unchanged
docs/phase-09-acceptance/main-review.md	accepted	9e0cb1ba474c98bbb8a03962177f45dc9d9bf18958468c8b50265d0bf08d4098	9e0cb1ba474c98bbb8a03962177f45dc9d9bf18958468c8b50265d0bf08d4098	unchanged
docs/phase-09-context/README.md	accepted	c47b45ca20c8c96a06d2dc2fe0f71ac1fb770015ec02c905a20ace1ac62558d7	c47b45ca20c8c96a06d2dc2fe0f71ac1fb770015ec02c905a20ace1ac62558d7	unchanged
docs/phase-09-frontend/README.md	accepted	b036e7a5063b3c14bc8e8f73219ae9a19c33d94272876d4201865dbfaf742920	b036e7a5063b3c14bc8e8f73219ae9a19c33d94272876d4201865dbfaf742920	unchanged
docs/phase-09-prompts/提示词资源与加载.md	accepted	81c199d47b5d3011114db1765e2a13d95b97f36f946acfdb9c47574b9e7eb85b	81c199d47b5d3011114db1765e2a13d95b97f36f946acfdb9c47574b9e7eb85b	unchanged
docs/phase-09-runtime/README.md	accepted	dd2dee5a2e82c888728c35f4a6e24e2c3f61fc036f186896b6118b26f74d0cb2	dd2dee5a2e82c888728c35f4a6e24e2c3f61fc036f186896b6118b26f74d0cb2	unchanged
docs/phase-09-sql-repair/README.md	accepted	c5bec9f0b4b2a72fcc56d83ff49f2e259d0465687f6c2ae2fdb58f9e7a6defb9	c5bec9f0b4b2a72fcc56d83ff49f2e259d0465687f6c2ae2fdb58f9e7a6defb9	unchanged
docs/phase-09-sql-repair/files.tsv	accepted	496fee78b3c4873447eae53842e42821a757f2cbd9abe229f5dfef9bc9f58402	496fee78b3c4873447eae53842e42821a757f2cbd9abe229f5dfef9bc9f58402	unchanged
docs/phase-09-sql-repair/main-review.md	accepted	72bbec0978caa619418ce0b4ed7bd55d3a0b263e68f70976aaacff97f67dc79e	72bbec0978caa619418ce0b4ed7bd55d3a0b263e68f70976aaacff97f67dc79e	unchanged
docs/phase-09-sql-repair/pytest.txt	accepted	3905f6b3e23e97dd512f369bd7b3e7b48d7c5467c33672597e0f5b30a87ea4aa	3905f6b3e23e97dd512f369bd7b3e7b48d7c5467c33672597e0f5b30a87ea4aa	unchanged
docs/phase-10-file-workflow/README.md	accepted	5b9ccc03c07d6554c65e7199582a280d51e3ca3dd46d4c9a9e7503dc29193dec	5b9ccc03c07d6554c65e7199582a280d51e3ca3dd46d4c9a9e7503dc29193dec	unchanged
docs/phase-10-file-workflow/files.tsv	accepted	f4faa47d61cdc050fa0cb09672a16679053646b9270218f687dda9d88ca4b08a	f4faa47d61cdc050fa0cb09672a16679053646b9270218f687dda9d88ca4b08a	unchanged
docs/phase-10-file-workflow/frontend-build.txt	accepted	ea57e2ea94aa408e52978e9ad184621b4bf2739300dd323574982ff1a6f4efab	ea57e2ea94aa408e52978e9ad184621b4bf2739300dd323574982ff1a6f4efab	unchanged
docs/phase-10-file-workflow/frontend-install.txt	accepted	9591fd95208c60943ecbb5653a28e739d520fc8a21bd2f699cb071ed65871e67	9591fd95208c60943ecbb5653a28e739d520fc8a21bd2f699cb071ed65871e67	unchanged
docs/phase-10-file-workflow/frontend-upload.txt	accepted	e68851fae978d95a3581ede8780a83b1d0005eefeeb35b0d9effe5265427e9b7	e68851fae978d95a3581ede8780a83b1d0005eefeeb35b0d9effe5265427e9b7	unchanged
docs/phase-10-file-workflow/main-mypy.txt	accepted	cc38e4fc47772ad940dc87c85d49e2bf3c30fa502f4836102c10b21ca3a62954	cc38e4fc47772ad940dc87c85d49e2bf3c30fa502f4836102c10b21ca3a62954	unchanged
docs/phase-10-file-workflow/main-pytest.txt	accepted	a48992b2bcf0d0337c38e64903921b88b94e92eeeda79efb7399051d30d98569	a48992b2bcf0d0337c38e64903921b88b94e92eeeda79efb7399051d30d98569	unchanged
docs/phase-10-file-workflow/main-review.md	accepted	dbaac17031aea161fb413cf1b30c24726e40c657c306ea2c50a3c8d780e66e11	dbaac17031aea161fb413cf1b30c24726e40c657c306ea2c50a3c8d780e66e11	unchanged
docs/phase-10-file-workflow/main-ruff.txt	accepted	a4443afdcfb6d7363adb285762515ccf7cf50473b1a05c20c1a50f6bed4d26b0	a4443afdcfb6d7363adb285762515ccf7cf50473b1a05c20c1a50f6bed4d26b0	unchanged
docs/phase-10-file-workflow/mypy.txt	accepted	cc38e4fc47772ad940dc87c85d49e2bf3c30fa502f4836102c10b21ca3a62954	cc38e4fc47772ad940dc87c85d49e2bf3c30fa502f4836102c10b21ca3a62954	unchanged
docs/phase-10-file-workflow/pytest.txt	accepted	cac4ba94f138663059517c8139ab5cf3d78ad4eaffde6c4857d80199a0a7101f	cac4ba94f138663059517c8139ab5cf3d78ad4eaffde6c4857d80199a0a7101f	unchanged
docs/phase-10-file-workflow/ruff.txt	accepted	a4443afdcfb6d7363adb285762515ccf7cf50473b1a05c20c1a50f6bed4d26b0	a4443afdcfb6d7363adb285762515ccf7cf50473b1a05c20c1a50f6bed4d26b0	unchanged
docs/phase-10-file-workflow/run-backend-checks.ps1	accepted	defdeaa37fe07d957bec17612faa3701a15a6fb7ab7c3f8e8b56a4fa6b0344cc	defdeaa37fe07d957bec17612faa3701a15a6fb7ab7c3f8e8b56a4fa6b0344cc	unchanged
docs/phase-11-comparison/README.md	frozen	364728ca6890561a3f4d5c2cce642a639fcb3853116aad49382217f9f9a26598	364728ca6890561a3f4d5c2cce642a639fcb3853116aad49382217f9f9a26598	unchanged
docs/phase-11-comparison/mypy.txt	frozen	3f34ca3611e1a278b355483a3ce21a6855656e562840ec67626c224657569fef	3f34ca3611e1a278b355483a3ce21a6855656e562840ec67626c224657569fef	unchanged
docs/phase-11-comparison/preserved.tsv	frozen	336ef2fdabe274942dfa3ff4942236cb843171d08bb209989caa0cdfa56f6f2d	336ef2fdabe274942dfa3ff4942236cb843171d08bb209989caa0cdfa56f6f2d	unchanged
docs/phase-11-comparison/pytest-initial.txt	frozen	8908c5877f300dafa9682bf9311052a8f33a426256a89e80aae806f4d5074483	8908c5877f300dafa9682bf9311052a8f33a426256a89e80aae806f4d5074483	unchanged
docs/phase-11-comparison/pytest-repair.txt	frozen	93c2f7973bf7f71bb3f4449586df82614036a4276c25de9ad2888982b6700f7e	93c2f7973bf7f71bb3f4449586df82614036a4276c25de9ad2888982b6700f7e	unchanged
docs/phase-11-comparison/pytest.txt	frozen	2ffba3735ec97d9ec31a5208a0987b2697d6d8a9b0fb99bfbb01d30384bdd379	2ffba3735ec97d9ec31a5208a0987b2697d6d8a9b0fb99bfbb01d30384bdd379	unchanged
docs/phase-11-comparison/ruff.txt	frozen	a4443afdcfb6d7363adb285762515ccf7cf50473b1a05c20c1a50f6bed4d26b0	a4443afdcfb6d7363adb285762515ccf7cf50473b1a05c20c1a50f6bed4d26b0	unchanged
docs/phase-11-comparison/run-checks.ps1	frozen	e575a7449d89e42b790bb9d0735ac61a0e1d5876dd9a761ea94df5922673e1ca	e575a7449d89e42b790bb9d0735ac61a0e1d5876dd9a761ea94df5922673e1ca	unchanged
docs/phase-12-mysql-family/OPERATIONS.md	accepted	61c0070518cc46abfd0137195639f4f7d62fad65a81a3dd61ebd84dd56005d5f	61c0070518cc46abfd0137195639f4f7d62fad65a81a3dd61ebd84dd56005d5f	unchanged
docs/phase-12-mysql-family/PARAMETERS.md	accepted	5919bb2131d167b37f1196340b62135fbe7cf05e29a9725443930bf662442105	5919bb2131d167b37f1196340b62135fbe7cf05e29a9725443930bf662442105	unchanged
docs/phase-12-mysql-family/README.md	accepted	33c1fc72ac5eff7e2c64797812e7b18c0271aa72931e31b2bed3075731d9db2a	33c1fc72ac5eff7e2c64797812e7b18c0271aa72931e31b2bed3075731d9db2a	unchanged
docs/phase-12-mysql-family/adapter-checks-007a6ea.json	accepted	62b714b9340cbddd154819b77edcbee700c4b85992b3caa9a5d523638485cd2e	62b714b9340cbddd154819b77edcbee700c4b85992b3caa9a5d523638485cd2e	unchanged
docs/phase-12-mysql-family/checks.json	accepted	08c91dbd938a892e7eb933242ee006fc18371a4b94ad5f6828ace012452b8801	08c91dbd938a892e7eb933242ee006fc18371a4b94ad5f6828ace012452b8801	unchanged
docs/phase-12-mysql-family/freeze.json	accepted	f3573c36977adb8567f352a3c035eecd4bcf0954b5e805686e8e8e770ba83147	f3573c36977adb8567f352a3c035eecd4bcf0954b5e805686e8e8e770ba83147	unchanged
docs/phase-12-mysql-family/main-checks-integration.txt	accepted	b260e2511b82393a9d7543e2cfa7b4541c5f9ce6170e208e7aa7096349265dd1	b260e2511b82393a9d7543e2cfa7b4541c5f9ce6170e208e7aa7096349265dd1	unchanged
docs/phase-12-mysql-family/main-checks-prior.txt	accepted	a309cee772140cd6a6fd9e3f8fbc27267bda6592839030dadf640adc1a402779	a309cee772140cd6a6fd9e3f8fbc27267bda6592839030dadf640adc1a402779	unchanged
docs/phase-12-mysql-family/main-review.md	accepted	61fbb9e396dddbeec0ce1db7db7e7ad5a4576857a286a0a116bf8a5d289d0103	61fbb9e396dddbeec0ce1db7db7e7ad5a4576857a286a0a116bf8a5d289d0103	unchanged
docs/phase-12-mysql-family/real-mariadb-self-check.json	accepted	ec017dea3bf203738e07e3ab61411e3f92f9702ed4dace6ff505f72407325b47	ec017dea3bf203738e07e3ab61411e3f92f9702ed4dace6ff505f72407325b47	unchanged
docs/phase-15-real-model/OPERATIONS.md	accepted	568e7edcab043792441e1d769266458a2728b08a2d8bf1de81aff71f91fb489e	568e7edcab043792441e1d769266458a2728b08a2d8bf1de81aff71f91fb489e	unchanged
docs/phase-15-real-model/PARAMETERS.md	accepted	c9c690c50715b5cde246d58a32ec371d3bb4e392f70348c17f8ca26fad4f73fd	c9c690c50715b5cde246d58a32ec371d3bb4e392f70348c17f8ca26fad4f73fd	unchanged
docs/phase-15-real-model/README.md	accepted	c0f23b0a3ffd30e60499da2aacc40abdd33b013a18255ef41d1a43174b0bb0f0	c0f23b0a3ffd30e60499da2aacc40abdd33b013a18255ef41d1a43174b0bb0f0	unchanged
docs/phase-15-real-model/calibration-20261001T033008991100Z.json	accepted	82a6709afdae67e5e02b2316a8ee0c2fb6b47041d61620d7cd2f548b4d16d194	82a6709afdae67e5e02b2316a8ee0c2fb6b47041d61620d7cd2f548b4d16d194	unchanged
docs/phase-15-real-model/calibration-20261001T040204978110Z.json	accepted	82a6709afdae67e5e02b2316a8ee0c2fb6b47041d61620d7cd2f548b4d16d194	82a6709afdae67e5e02b2316a8ee0c2fb6b47041d61620d7cd2f548b4d16d194	unchanged
docs/phase-15-real-model/helpers-freeze-20261001T035308684796Z.json	accepted	89cfd9d43981f7b1ecd90d293a0e96abf6b339ee4f9e4c1320c45a24f93ebe6b	89cfd9d43981f7b1ecd90d293a0e96abf6b339ee4f9e4c1320c45a24f93ebe6b	unchanged
docs/phase-15-real-model/helpers-freeze-20261001T035308684796Z.sha256	accepted	e4d06e76fc0564fefd8ac7f7f6f263276d117a708d388cbf43262d83840f4ffb	e4d06e76fc0564fefd8ac7f7f6f263276d117a708d388cbf43262d83840f4ffb	unchanged
docs/phase-15-real-model/java-diagnostic-20261001T033044918326Z.json	accepted	25b1b63c049eea1e10dae1354fcc7683b0dfc7ca4ed311fc98ff55d45733b1da	25b1b63c049eea1e10dae1354fcc7683b0dfc7ca4ed311fc98ff55d45733b1da	unchanged
docs/phase-15-real-model/java-diagnostic-20261001T033044918326Z.jsonl	accepted	e3a5146c836330d61ed091e051a0fb973ee4e22fe601aa206422825537e9ae4b	e3a5146c836330d61ed091e051a0fb973ee4e22fe601aa206422825537e9ae4b	unchanged
docs/phase-15-real-model/java-diagnostic-20261001T034051157421Z.json	accepted	2a44bac82e4f87770268a12ab28eca9e28a63a3f6386aadaa86502fc1aa5f479	2a44bac82e4f87770268a12ab28eca9e28a63a3f6386aadaa86502fc1aa5f479	unchanged
docs/phase-15-real-model/java-diagnostic-20261001T034051157421Z.jsonl	accepted	d91626dc822a5bbf6a12accefd9169a19724a87efc3c289830561bf00b25eb1b	d91626dc822a5bbf6a12accefd9169a19724a87efc3c289830561bf00b25eb1b	unchanged
docs/phase-15-real-model/java-diagnostic-20261001T034653135813Z.json	accepted	0321e5c733cb0703666cd4dc5c8013eda9ab364748bf7657e9f342706dc57c27	0321e5c733cb0703666cd4dc5c8013eda9ab364748bf7657e9f342706dc57c27	unchanged
docs/phase-15-real-model/java-diagnostic-20261001T034653135813Z.jsonl	accepted	4041ea66fc17c5444e30f70b07db4bd0b5b6c09e8f4754b0398e83627e9fd529	4041ea66fc17c5444e30f70b07db4bd0b5b6c09e8f4754b0398e83627e9fd529	unchanged
docs/phase-15-real-model/main-review.md	accepted	a3f8ef311755382abbf9f1ed8c20d93280581b6ff2f7bd3558fc18b04ea84acb	a3f8ef311755382abbf9f1ed8c20d93280581b6ff2f7bd3558fc18b04ea84acb	unchanged
docs/执行状态.md	accepted	bce62bc7a4e5565ae3d0b9517e9b44b0e790b9b31769746a67280afd1d1c09f8	bce62bc7a4e5565ae3d0b9517e9b44b0e790b9b31769746a67280afd1d1c09f8	unchanged
docs/验收发现与返工清单.md	accepted	648eaf6da55763cc2dd4bdbb768abc29e61c851704528e9ed87c374ad8282885	648eaf6da55763cc2dd4bdbb768abc29e61c851704528e9ed87c374ad8282885	unchanged
frontend/.dockerignore	accepted	eeded8f72810077a29aed152072c86ae88efb1cda25d61440c04dc993c3c6c19	eeded8f72810077a29aed152072c86ae88efb1cda25d61440c04dc993c3c6c19	unchanged
frontend/.env.example	accepted	9db35069a8624c2c6f808371b1a06e4e58da42beac09e14ed341de1dc97d8b88	9db35069a8624c2c6f808371b1a06e4e58da42beac09e14ed341de1dc97d8b88	unchanged
frontend/.gitignore	accepted	d50ab07e11fa4bf3b1c7c3312e1d7baeab56cca756832ccf40476823ad2a38b7	d50ab07e11fa4bf3b1c7c3312e1d7baeab56cca756832ccf40476823ad2a38b7	unchanged
frontend/Dockerfile	accepted	857fa67286d76ec6d024109f4600b4da6a3ebcfbd5b5739a2b555c81b5335ebc	857fa67286d76ec6d024109f4600b4da6a3ebcfbd5b5739a2b555c81b5335ebc	unchanged
frontend/README.md	accepted	a28a915cf9620d6e8443eed56883fda1ae0b17ff9d047fc410000bb56fcbd65c	a28a915cf9620d6e8443eed56883fda1ae0b17ff9d047fc410000bb56fcbd65c	unchanged
frontend/auto-imports.d.ts	accepted	67cc8972b3c722fac41d3c09588ca6d2d32ee7dd2e271946130ff115671c3df0	67cc8972b3c722fac41d3c09588ca6d2d32ee7dd2e271946130ff115671c3df0	unchanged
frontend/backend-fix-context-loss.md	accepted	dddf5f3561f36e1a7d466e6cebfe2f269c6e25d310c5f26abaf0f42f822917f0	dddf5f3561f36e1a7d466e6cebfe2f269c6e25d310c5f26abaf0f42f822917f0	unchanged
frontend/components.d.ts	accepted	2a827becc5caf070184e96c653540381d51755f393b3225bb517dd784161bac6	2a827becc5caf070184e96c653540381d51755f393b3225bb517dd784161bac6	unchanged
frontend/index.html	accepted	767a07df323acd4f00c02dbca4ebc00334afab8af817d6a4e978d6e4833966b7	767a07df323acd4f00c02dbca4ebc00334afab8af817d6a4e978d6e4833966b7	unchanged
frontend/nginx.conf	accepted	c00f48f50889b86d5297e2b4eaeb3dad6964cc7b639c14403dbb21693fb16d1c	c00f48f50889b86d5297e2b4eaeb3dad6964cc7b639c14403dbb21693fb16d1c	unchanged
frontend/package.json	accepted	e0a012fd9330f677b00ba94821a6259f75a1db25af2f97d85b46be553005b490	e0a012fd9330f677b00ba94821a6259f75a1db25af2f97d85b46be553005b490	unchanged
frontend/pnpm-lock.yaml	accepted	b0802398f7998fc842d9790eff57efe0fd82efe139a6b6aece6405f0d72c5513	b0802398f7998fc842d9790eff57efe0fd82efe139a6b6aece6405f0d72c5513	unchanged
frontend/pnpm-workspace.yaml	accepted	1ea384d6157533b8423eba763e50132001b6beed73101e05c15e23085347c8b4	1ea384d6157533b8423eba763e50132001b6beed73101e05c15e23085347c8b4	unchanged
frontend/public/favicon.svg	accepted	c9e0243c3cbefec4cb8bdf2241b9cbe608bfa07ebc40dae5f204bc9cbdce436e	c9e0243c3cbefec4cb8bdf2241b9cbe608bfa07ebc40dae5f204bc9cbdce436e	unchanged
frontend/public/icons.svg	accepted	7ca2d67c9c3aebf50cdc8709ee8aacf8cdb8cc7ea6325ea94939caef5da1c53d	7ca2d67c9c3aebf50cdc8709ee8aacf8cdb8cc7ea6325ea94939caef5da1c53d	unchanged
frontend/public/landing/db-genius-ai-intent-recognition.jpg	accepted	ce5c3d0379fdac589efd1736424c2998a1aecfadc5db1526a5b1ae607f7960f0	ce5c3d0379fdac589efd1736424c2998a1aecfadc5db1526a5b1ae607f7960f0	unchanged
frontend/public/landing/db-genius-ai-sql-query.jpg	accepted	d2594eef59682879883ebafce5135f4627c9e68357371d2601536c8fa6c64c19	d2594eef59682879883ebafce5135f4627c9e68357371d2601536c8fa6c64c19	unchanged
frontend/public/landing/db-genius-database-compare.jpg	accepted	256438313370fe77056bf92a73c162c991adfb487f76be643b5e7c325d0e7146	256438313370fe77056bf92a73c162c991adfb487f76be643b5e7c325d0e7146	unchanged
frontend/public/landing/db-genius-database-config.jpg	accepted	4121054ba4965fb9aca5f1c8ce2ea0b079f6e8d9fd92d45a09b42bf19facce4e	4121054ba4965fb9aca5f1c8ce2ea0b079f6e8d9fd92d45a09b42bf19facce4e	unchanged
frontend/public/landing/db-genius-og-image.jpg	accepted	ab6c2b75490aefd5f1cf6540e1a7ed90c4168f7b6a9f626b7fa20c181eb1c3db	ab6c2b75490aefd5f1cf6540e1a7ed90c4168f7b6a9f626b7fa20c181eb1c3db	unchanged
frontend/public/landing/db-logos/apachedoris.svg	accepted	469f482fc0b89eca254c5b01343d386dd6f5e5b81d519caa734f2f06f9f7885f	469f482fc0b89eca254c5b01343d386dd6f5e5b81d519caa734f2f06f9f7885f	unchanged
frontend/public/landing/db-logos/mariadb.svg	accepted	477435746bb2024048c7b71529f615fb70d7e679618f37bac49f78fd07e67dfe	477435746bb2024048c7b71529f615fb70d7e679618f37bac49f78fd07e67dfe	unchanged
frontend/public/landing/db-logos/microsoftsqlserver.svg	accepted	a6c3517a8bce0273d95f51d530d3b28231a60fe27a6423b8cd5eb74484aad9be	a6c3517a8bce0273d95f51d530d3b28231a60fe27a6423b8cd5eb74484aad9be	unchanged
frontend/public/landing/db-logos/mongodb.svg	accepted	6698757ee85997e8167b2eacaff8395d6987954185488f2e90b88ef387fec6c7	6698757ee85997e8167b2eacaff8395d6987954185488f2e90b88ef387fec6c7	unchanged
frontend/public/landing/db-logos/mysql.svg	accepted	67c144cc3e44ad14062a3f20ebe29c5e7eeb2c2c9c0f43cf48d87fe6291a8b2d	67c144cc3e44ad14062a3f20ebe29c5e7eeb2c2c9c0f43cf48d87fe6291a8b2d	unchanged
frontend/public/landing/db-logos/oceanbase.svg	accepted	1f817c621b9610270f2d05cd4e375e24360b06bbb80b39ca779b600f89f0cb12	1f817c621b9610270f2d05cd4e375e24360b06bbb80b39ca779b600f89f0cb12	unchanged
frontend/public/landing/db-logos/oracle.svg	accepted	d355bd1561de9aea08928e662bdce5b4834f0dcb6096aa0b04b4eed23fc1fcb9	d355bd1561de9aea08928e662bdce5b4834f0dcb6096aa0b04b4eed23fc1fcb9	unchanged
frontend/public/landing/db-logos/postgresql.svg	accepted	c8ccadbd88c9312c2ad3734c4861b31d3485ce179ee91d64793143f83cfa745c	c8ccadbd88c9312c2ad3734c4861b31d3485ce179ee91d64793143f83cfa745c	unchanged
frontend/public/landing/db-logos/starrocks.svg	accepted	3a806869e3b57721463f4155ac6aa994aa2fc2972389709edc6e454f706be949	3a806869e3b57721463f4155ac6aa994aa2fc2972389709edc6e454f706be949	unchanged
frontend/public/landing/db-logos/tidb.svg	accepted	dc15660c76044e939ad5acfc3d341225463200ddba95cd66b98675bf932bf379	dc15660c76044e939ad5acfc3d341225463200ddba95cd66b98675bf932bf379	unchanged
frontend/public/landing/en/db-genius-ai-intent-recognition.jpg	accepted	ce5c3d0379fdac589efd1736424c2998a1aecfadc5db1526a5b1ae607f7960f0	ce5c3d0379fdac589efd1736424c2998a1aecfadc5db1526a5b1ae607f7960f0	unchanged
frontend/public/landing/en/db-genius-ai-sql-query.jpg	accepted	d2594eef59682879883ebafce5135f4627c9e68357371d2601536c8fa6c64c19	d2594eef59682879883ebafce5135f4627c9e68357371d2601536c8fa6c64c19	unchanged
frontend/public/landing/en/db-genius-database-config.jpg	accepted	4121054ba4965fb9aca5f1c8ce2ea0b079f6e8d9fd92d45a09b42bf19facce4e	4121054ba4965fb9aca5f1c8ce2ea0b079f6e8d9fd92d45a09b42bf19facce4e	unchanged
frontend/public/landing/es/db-genius-ai-intent-recognition.jpg	accepted	287df31ab0679df1f63bae7fb64e662dd75e1e65ee149c0332b5e0030471c011	287df31ab0679df1f63bae7fb64e662dd75e1e65ee149c0332b5e0030471c011	unchanged
frontend/public/landing/es/db-genius-ai-sql-query.jpg	accepted	145410b1d57cf871f0a3f04cd595cbe77739e9274c42b94421c56ed2b373a94c	145410b1d57cf871f0a3f04cd595cbe77739e9274c42b94421c56ed2b373a94c	unchanged
frontend/public/landing/es/db-genius-database-config.jpg	accepted	74870a67c8f6469fee52dea0839f308e4cbe256fc7c0f7f39dd035ee2fc62fef	74870a67c8f6469fee52dea0839f308e4cbe256fc7c0f7f39dd035ee2fc62fef	unchanged
frontend/public/landing/fr/db-genius-ai-intent-recognition.jpg	accepted	6e9e8c57ed3d0590f92bef041cca41f727481c40cca417fc4c5978d27e2255d6	6e9e8c57ed3d0590f92bef041cca41f727481c40cca417fc4c5978d27e2255d6	unchanged
frontend/public/landing/fr/db-genius-ai-sql-query.jpg	accepted	7b0b5680da0b96f3276f9650ad9d3fff40338a68bc6ddd4b03ee7606c6751df6	7b0b5680da0b96f3276f9650ad9d3fff40338a68bc6ddd4b03ee7606c6751df6	unchanged
frontend/public/landing/fr/db-genius-database-config.jpg	accepted	b0600025d068006f8a1496c333073005edb28639ef9964a9f835de96a5e163c9	b0600025d068006f8a1496c333073005edb28639ef9964a9f835de96a5e163c9	unchanged
frontend/public/landing/ja/db-genius-ai-intent-recognition.jpg	accepted	78f182af650b5b00a5a3590a660d15d93e5dc0a5f72c34fe9bf24135d4d89845	78f182af650b5b00a5a3590a660d15d93e5dc0a5f72c34fe9bf24135d4d89845	unchanged
frontend/public/landing/ja/db-genius-ai-sql-query.jpg	accepted	76670979e4359fe72478cca0454810b8dcf03356a50c4d3a0f591cafbb52681b	76670979e4359fe72478cca0454810b8dcf03356a50c4d3a0f591cafbb52681b	unchanged
frontend/public/landing/ja/db-genius-database-config.jpg	accepted	1b135d71ff585cb7a7d045763748d72eb0ba1989da72a24038a9df093ce93213	1b135d71ff585cb7a7d045763748d72eb0ba1989da72a24038a9df093ce93213	unchanged
frontend/public/landing/ms/db-genius-ai-intent-recognition.jpg	accepted	dfe977d3faedb61737fc3305eb39fce0ee48a2d1c2eeec694a60fdde9d24839e	dfe977d3faedb61737fc3305eb39fce0ee48a2d1c2eeec694a60fdde9d24839e	unchanged
frontend/public/landing/ms/db-genius-ai-sql-query.jpg	accepted	39cf9982c3a4999d0b1e6ad5f88f29757fbf6156abce3bab13b328ade90b0f4a	39cf9982c3a4999d0b1e6ad5f88f29757fbf6156abce3bab13b328ade90b0f4a	unchanged
frontend/public/landing/ms/db-genius-database-config.jpg	accepted	8bfb9b13158ab517b943f92ed567eed36f1adba2da0b7cfd2c3fb93a3ac49a57	8bfb9b13158ab517b943f92ed567eed36f1adba2da0b7cfd2c3fb93a3ac49a57	unchanged
frontend/public/landing/zh-CN/db-genius-ai-intent-recognition.jpg	accepted	f3a522aaa6a696150a7134ffe331d35e86ffa0bfdfece9f38cb990be4c150b10	f3a522aaa6a696150a7134ffe331d35e86ffa0bfdfece9f38cb990be4c150b10	unchanged
frontend/public/landing/zh-CN/db-genius-ai-sql-query.jpg	accepted	67d77d08e218792cd27ea20d5ac89a01d2956c1557aad4ccc151febe3a2898f6	67d77d08e218792cd27ea20d5ac89a01d2956c1557aad4ccc151febe3a2898f6	unchanged
frontend/public/landing/zh-CN/db-genius-database-config.jpg	accepted	5c0b27a748e38b4616a10ef88c53d1fe0eaf0d8c4e7c0956322015d3f6a151d2	5c0b27a748e38b4616a10ef88c53d1fe0eaf0d8c4e7c0956322015d3f6a151d2	unchanged
frontend/public/landing/zh-TW/db-genius-ai-intent-recognition.jpg	accepted	24c810145c2ff6740c3b61c339db817b7401207aa01870af37b01c34efcd4ddf	24c810145c2ff6740c3b61c339db817b7401207aa01870af37b01c34efcd4ddf	unchanged
frontend/public/landing/zh-TW/db-genius-ai-sql-query.jpg	accepted	a08da5c620af1b2bced32fdfb5b5db77776ab9bc294f4f6c368b0744ee55e2cb	a08da5c620af1b2bced32fdfb5b5db77776ab9bc294f4f6c368b0744ee55e2cb	unchanged
frontend/public/landing/zh-TW/db-genius-database-config.jpg	accepted	02f9a1d8c8dd4a60cca9972310a85991ce130ba6d1d480546dacf6a052f98ed5	02f9a1d8c8dd4a60cca9972310a85991ce130ba6d1d480546dacf6a052f98ed5	unchanged
frontend/public/robots.txt	accepted	0d508c99336800707350e2f04abe6453e13cd9b489209a99a560a31cfb125419	0d508c99336800707350e2f04abe6453e13cd9b489209a99a560a31cfb125419	unchanged
frontend/public/sitemap.xml	accepted	6f024f7f167d74e4d900e45624368658ad76f0edf9c05723a02e0cc008d0ac3f	6f024f7f167d74e4d900e45624368658ad76f0edf9c05723a02e0cc008d0ac3f	unchanged
frontend/scripts/make_landing_assets.py	accepted	e73a183103a74b0edef9a7d044bdb66008d28b35d05fe5b3be332ed9c39036f4	e73a183103a74b0edef9a7d044bdb66008d28b35d05fe5b3be332ed9c39036f4	unchanged
frontend/scripts/make_multilang_assets.py	accepted	9bc04295171caf51e366865df29cec0ae193d87351144b87a617f2345df63fdd	9bc04295171caf51e366865df29cec0ae193d87351144b87a617f2345df63fdd	unchanged
frontend/scripts/make_og_image.py	accepted	060982c6a78d7c7a2190dad534697c37a4c5b3754a41e87c1f3575d43822aa6f	060982c6a78d7c7a2190dad534697c37a4c5b3754a41e87c1f3575d43822aa6f	unchanged
frontend/scripts/redact_landing_assets.py	accepted	34ce016142efbb3557994cb5c09a1aa9c6b18ed21826affaa427d4a1d55aaa43	34ce016142efbb3557994cb5c09a1aa9c6b18ed21826affaa427d4a1d55aaa43	unchanged
frontend/scripts/shots/capture-all.mjs	accepted	a89030ce406033dcc16b42c8af4714a6ae525fed4b42d956b5a483e5ea548d50	a89030ce406033dcc16b42c8af4714a6ae525fed4b42d956b5a483e5ea548d50	unchanged
frontend/scripts/shots/capture-content.mjs	accepted	913482131c7b3d43d3e8bdc69b0763eb743e909926fcba3c6432bdbd70c94ae9	913482131c7b3d43d3e8bdc69b0763eb743e909926fcba3c6432bdbd70c94ae9	unchanged
frontend/scripts/shots/explore.mjs	accepted	f1f8d8993f2d52b86be58e8dc78545e2235e934f16d35190a471d2d0431b6abe	f1f8d8993f2d52b86be58e8dc78545e2235e934f16d35190a471d2d0431b6abe	unchanged
frontend/scripts/shots/open-conv.mjs	accepted	589dcc21e8ff09252e69a0ca40f4ef3b4d74ee731a082060a3b231b6ec883ab0	589dcc21e8ff09252e69a0ca40f4ef3b4d74ee731a082060a3b231b6ec883ab0	unchanged
frontend/scripts/shots/recapture-config.mjs	accepted	9fe6d7753fb957b4dd268f4a6d7606c3ed5531b9faf676685d00af0b2d457428	9fe6d7753fb957b4dd268f4a6d7606c3ed5531b9faf676685d00af0b2d457428	unchanged
frontend/scripts/shots/verify-i18n.mjs	accepted	a325ee9d29c6b764b8302fd58ab43fa68b5e02a54f060b0df12a18b0e5f31a9b	a325ee9d29c6b764b8302fd58ab43fa68b5e02a54f060b0df12a18b0e5f31a9b	unchanged
frontend/scripts/shots/verify-landing.mjs	accepted	ee87b56d76c465744adb2ac5feb907a12ec8df7e7da795691cb0538ffec8c975	ee87b56d76c465744adb2ac5feb907a12ec8df7e7da795691cb0538ffec8c975	unchanged
frontend/scripts/shots/verify-seo-routes.mjs	accepted	4ad06d1da8bf48bea7e05fd44d81c52349b2abce46368f81f3a369260608ffb5	4ad06d1da8bf48bea7e05fd44d81c52349b2abce46368f81f3a369260608ffb5	unchanged
frontend/seo/sitemap.xml	accepted	6f024f7f167d74e4d900e45624368658ad76f0edf9c05723a02e0cc008d0ac3f	6f024f7f167d74e4d900e45624368658ad76f0edf9c05723a02e0cc008d0ac3f	unchanged
frontend/src/App.vue	accepted	2317ed5ebdb6f21171bb3975a9c74b9549db69e60bf1fd74264b9ca80856d221	2317ed5ebdb6f21171bb3975a9c74b9549db69e60bf1fd74264b9ca80856d221	unchanged
frontend/src/api/auth.ts	accepted	b4cab962bbe8bec5603cc30cf729b5ffe0d51a6dcd2b6a40898a3b8fbf8c9a8b	b4cab962bbe8bec5603cc30cf729b5ffe0d51a6dcd2b6a40898a3b8fbf8c9a8b	unchanged
frontend/src/api/chat.ts	accepted	2aa366341e498a8c66c0e372d212f77426f66e2bca0f1ac85ddfa7d6f073468d	2aa366341e498a8c66c0e372d212f77426f66e2bca0f1ac85ddfa7d6f073468d	unchanged
frontend/src/api/dbConfig.ts	accepted	9bd02830f606fe083c5d6736f376292599e58d632d7d96a307c9d140fd54a134	9bd02830f606fe083c5d6736f376292599e58d632d7d96a307c9d140fd54a134	unchanged
frontend/src/api/file.ts	accepted	e243400818d20a47867c54d5678da0b2324db6408ca8757c79d7944225a85d9e	e243400818d20a47867c54d5678da0b2324db6408ca8757c79d7944225a85d9e	unchanged
frontend/src/api/modelConfig.ts	accepted	ec375d6912c53c7e6f6f2880f0ee7e8abb176ed07d809228a5bb81dc8c60d91b	ec375d6912c53c7e6f6f2880f0ee7e8abb176ed07d809228a5bb81dc8c60d91b	unchanged
frontend/src/api/request.ts	accepted	9f80e5a0b22f62f2533d98e422cf529e77a82cb12c06e879a378d704eaf48f5a	9f80e5a0b22f62f2533d98e422cf529e77a82cb12c06e879a378d704eaf48f5a	unchanged
frontend/src/api/trial.ts	accepted	c6576c8962ec25776db89ff948fc2cd492076f97d09df4044d6a9fc64398713f	c6576c8962ec25776db89ff948fc2cd492076f97d09df4044d6a9fc64398713f	unchanged
frontend/src/assets/hero.png	accepted	881ffbcaafc212e49addad08846a5b82761355fa20624253af3477ba33262c5c	881ffbcaafc212e49addad08846a5b82761355fa20624253af3477ba33262c5c	unchanged
frontend/src/assets/vite.svg	accepted	2f1f6c6f90a0ef7422cbb4cfafcd8ad329c507a18afdc34cc21fa72179b9c54a	2f1f6c6f90a0ef7422cbb4cfafcd8ad329c507a18afdc34cc21fa72179b9c54a	unchanged
frontend/src/assets/vue.svg	accepted	5532db34f1c52841881bab8aeca6c3e8d092bd21a689a65f4d8f8cf8041eef9d	5532db34f1c52841881bab8aeca6c3e8d092bd21a689a65f4d8f8cf8041eef9d	unchanged
frontend/src/components/chat/ClarifyCard.vue	accepted	78bfa1e975c9dfb19e955b3b74fd7532fb2e48e676a0945b3e2ae8e8da57521e	78bfa1e975c9dfb19e955b3b74fd7532fb2e48e676a0945b3e2ae8e8da57521e	unchanged
frontend/src/components/chat/CompareSelector.vue	accepted	4684909edda7ce9b13cd51f8c7dd41af76bd23e7f5ad7e561765eb971f8d32b6	4684909edda7ce9b13cd51f8c7dd41af76bd23e7f5ad7e561765eb971f8d32b6	unchanged
frontend/src/components/chat/ContextUsageBar.vue	accepted	ce3ae2e9ed6bf4663d95c5d1f7617ff58cc79a669893a7084caabe2b9eb01322	ce3ae2e9ed6bf4663d95c5d1f7617ff58cc79a669893a7084caabe2b9eb01322	unchanged
frontend/src/components/chat/DbSelector.vue	accepted	69b640d9724adeb091d1021567b9dff6467c9e836d244377a9a4e3fa356e3b41	69b640d9724adeb091d1021567b9dff6467c9e836d244377a9a4e3fa356e3b41	unchanged
frontend/src/components/chat/FileUploader.vue	accepted	e972cd1c80b10232b4bfbcacbd80ac15d3761a22b99a4783f356fd0b55fe0cab	e972cd1c80b10232b4bfbcacbd80ac15d3761a22b99a4783f356fd0b55fe0cab	unchanged
frontend/src/components/chat/MessageBubble.vue	accepted	cd1d6fa25d1f9998700f412b2a999df4fc1dcbd25046234c34d85804f62f6e36	cd1d6fa25d1f9998700f412b2a999df4fc1dcbd25046234c34d85804f62f6e36	unchanged
frontend/src/components/chat/ReasoningCard.vue	accepted	f0ef492a38c13de65e645605f0831c73cb2e18ddb5ddb54b68590b22a2679c72	f0ef492a38c13de65e645605f0831c73cb2e18ddb5ddb54b68590b22a2679c72	unchanged
frontend/src/components/chat/SseStepCard.vue	accepted	0deae456636e308ee62a81c3406efaad2e7932d71a35039fe42f33a22e92929c	0deae456636e308ee62a81c3406efaad2e7932d71a35039fe42f33a22e92929c	unchanged
frontend/src/components/chat/SummaryCard.vue	accepted	abb57d33d5ad45ff02a09c7e12cdbee7ad51a859931232481e528564eef484fc	abb57d33d5ad45ff02a09c7e12cdbee7ad51a859931232481e528564eef484fc	unchanged
frontend/src/components/common/ComplianceNotice.vue	accepted	c002837f6fa851c7abaa9b26d7dee932189ff4e714dd7d0788122f94bf2883bf	c002837f6fa851c7abaa9b26d7dee932189ff4e714dd7d0788122f94bf2883bf	unchanged
frontend/src/components/common/GitHubIcon.vue	accepted	a1f3ff501c1247c93cf0137c52d287c67f59a12505ada7b874339f0a646198f7	a1f3ff501c1247c93cf0137c52d287c67f59a12505ada7b874339f0a646198f7	unchanged
frontend/src/components/common/LanguageSwitcher.vue	accepted	a0de26b65e882e68b88ea20cada48f70f138bdb25f26732a9b28a7f32f485998	a0de26b65e882e68b88ea20cada48f70f138bdb25f26732a9b28a7f32f485998	unchanged
frontend/src/components/common/MarkdownRenderer.vue	accepted	48ac40f4522c714c5785c02cb22287e9e474e81d89c2bed072f82e1adc936ef2	48ac40f4522c714c5785c02cb22287e9e474e81d89c2bed072f82e1adc936ef2	unchanged
frontend/src/components/common/TrialBanner.vue	accepted	df187f5530d3134da826a0e514f9d92346b6904c4f53ce706b649f65a68d2cc6	df187f5530d3134da826a0e514f9d92346b6904c4f53ce706b649f65a68d2cc6	unchanged
frontend/src/components/landing/CtaSection.vue	accepted	9fcae337c58fc27ce2d63390812b7f0c1cab20f16f75827ae0aa5ecde974fe0c	9fcae337c58fc27ce2d63390812b7f0c1cab20f16f75827ae0aa5ecde974fe0c	unchanged
frontend/src/components/landing/DatabaseSection.vue	accepted	0235712b5b631acb8e99ba7808dacce7e96691c8c266f21ca72e89918eb52c4b	0235712b5b631acb8e99ba7808dacce7e96691c8c266f21ca72e89918eb52c4b	unchanged
frontend/src/components/landing/FaqSection.vue	accepted	500f667d795fc2968055afd0bcade0972eccd8277f8e467a5c0460856ee0ac6d	500f667d795fc2968055afd0bcade0972eccd8277f8e467a5c0460856ee0ac6d	unchanged
frontend/src/components/landing/FeatureSection.vue	accepted	a060e9972b6c3b519c731d3b5bdc50926af0daebb405d41af4ca730aea5d46de	a060e9972b6c3b519c731d3b5bdc50926af0daebb405d41af4ca730aea5d46de	unchanged
frontend/src/components/landing/FooterSection.vue	accepted	c7b4a065ebfd0af02dbf59299c8e58e61910026f61b4c4d6d6d1656a04d14ea5	c7b4a065ebfd0af02dbf59299c8e58e61910026f61b4c4d6d6d1656a04d14ea5	unchanged
frontend/src/components/landing/HeroSection.vue	accepted	3215f482321efbdfdfaf2994f47a375228cd05c812d39e942d28859c68d2cc46	3215f482321efbdfdfaf2994f47a375228cd05c812d39e942d28859c68d2cc46	unchanged
frontend/src/components/landing/HowItWorksSection.vue	accepted	26ae92b8eb1ed45336f3a57d575929d95d5442d12976daa9c00dfdf891eecbac	26ae92b8eb1ed45336f3a57d575929d95d5442d12976daa9c00dfdf891eecbac	unchanged
frontend/src/components/landing/ShowcaseSection.vue	accepted	31f8a633cea832f0934498c35ab3e29c670abe125adec0a092d2e659064aaadf	31f8a633cea832f0934498c35ab3e29c670abe125adec0a092d2e659064aaadf	unchanged
frontend/src/composables/useSse.ts	accepted	435bd084172c0102d97ae24d126aa8c164e54bb24e7ff72cf90bfa593629f20a	435bd084172c0102d97ae24d126aa8c164e54bb24e7ff72cf90bfa593629f20a	unchanged
frontend/src/config/site.ts	accepted	2e7c0e1925d9816d92ab6c75a78e05b430dcd052ba9db6f746606ea4557442ba	2e7c0e1925d9816d92ab6c75a78e05b430dcd052ba9db6f746606ea4557442ba	unchanged
frontend/src/i18n/geo.ts	accepted	89c84ae5101c32cfc8899e6a67d1cf5c94ff0ecbbcbf1d69ba9aab23fad7021e	89c84ae5101c32cfc8899e6a67d1cf5c94ff0ecbbcbf1d69ba9aab23fad7021e	unchanged
frontend/src/i18n/index.ts	accepted	bc92b5448bf07597a0da0c6230eaa1a8e9a0f6700d92e5276e87f02e211f26ec	bc92b5448bf07597a0da0c6230eaa1a8e9a0f6700d92e5276e87f02e211f26ec	unchanged
frontend/src/i18n/seo.ts	accepted	2f9952ae66bb784379fdf66e55532a77c293f52ba647a44685fd81fbd6c11bf5	2f9952ae66bb784379fdf66e55532a77c293f52ba647a44685fd81fbd6c11bf5	unchanged
frontend/src/locales/en/admin.ts	accepted	13b5bd11e30afb4043017c8d6532ed2333f8790148b87303764d048a84038406	13b5bd11e30afb4043017c8d6532ed2333f8790148b87303764d048a84038406	unchanged
frontend/src/locales/en/auth.ts	accepted	252c3550dc781638dd18f25166f2605b40764a6db2856706991949859838d086	252c3550dc781638dd18f25166f2605b40764a6db2856706991949859838d086	unchanged
frontend/src/locales/en/chat.ts	accepted	7fee49110d82205e5529a9edfd3841e3050e2655459fe6a37258fc3d83aa2848	7fee49110d82205e5529a9edfd3841e3050e2655459fe6a37258fc3d83aa2848	unchanged
frontend/src/locales/en/common.ts	accepted	193583173971ade464fb3fdc192222f5681df9f5833c9c77e0dbbd04e7f26d32	193583173971ade464fb3fdc192222f5681df9f5833c9c77e0dbbd04e7f26d32	unchanged
frontend/src/locales/en/comps.ts	accepted	5ac2bbe2f1e4638c399ff37b21f461e1e277b5d31d15c1bb55050d2e473123ce	5ac2bbe2f1e4638c399ff37b21f461e1e277b5d31d15c1bb55050d2e473123ce	unchanged
frontend/src/locales/en/index.ts	accepted	617fe6f5433bef0768683fd951f4a8e1e7d86ea56a612daac0b7c68b84cb854b	617fe6f5433bef0768683fd951f4a8e1e7d86ea56a612daac0b7c68b84cb854b	unchanged
frontend/src/locales/en/landing.ts	accepted	3133466e091443d64aeab25ea2cfb762911f9fdd3dff39f14630909e823f6b64	3133466e091443d64aeab25ea2cfb762911f9fdd3dff39f14630909e823f6b64	unchanged
frontend/src/locales/es/admin.ts	accepted	e4779e81fbff8d6e4d742c4e467b5a3192d2142308b8aa760c68f9c6f74bd97a	e4779e81fbff8d6e4d742c4e467b5a3192d2142308b8aa760c68f9c6f74bd97a	unchanged
frontend/src/locales/es/auth.ts	accepted	ea754c7e3d4d142fd4bf3d9cde0f821549edaeb08716064bed734d6ccf82b87b	ea754c7e3d4d142fd4bf3d9cde0f821549edaeb08716064bed734d6ccf82b87b	unchanged
frontend/src/locales/es/chat.ts	accepted	c74b4573f11e07f63e7da3a901d4e98e43737e1e1b2047ce66267e5234edcc16	c74b4573f11e07f63e7da3a901d4e98e43737e1e1b2047ce66267e5234edcc16	unchanged
frontend/src/locales/es/common.ts	accepted	5570f373ba32d0ab17d69fb49be96979e3d814e91853e5325aa3f3e766f6e051	5570f373ba32d0ab17d69fb49be96979e3d814e91853e5325aa3f3e766f6e051	unchanged
frontend/src/locales/es/comps.ts	accepted	c9722262b16ed869fa2cd29dfed902c02aeec7cdbaacddd109d5f60b808d3f44	c9722262b16ed869fa2cd29dfed902c02aeec7cdbaacddd109d5f60b808d3f44	unchanged
frontend/src/locales/es/index.ts	accepted	617fe6f5433bef0768683fd951f4a8e1e7d86ea56a612daac0b7c68b84cb854b	617fe6f5433bef0768683fd951f4a8e1e7d86ea56a612daac0b7c68b84cb854b	unchanged
frontend/src/locales/es/landing.ts	accepted	f2438386eec967b810ae9cff5a2f898e2271aae7392053458ea599b10ed63783	f2438386eec967b810ae9cff5a2f898e2271aae7392053458ea599b10ed63783	unchanged
frontend/src/locales/fr/admin.ts	accepted	544b8646cdb6aa0b24e7faacd5a6589fc00ca951556a9d4c4d85cc96ecc91e24	544b8646cdb6aa0b24e7faacd5a6589fc00ca951556a9d4c4d85cc96ecc91e24	unchanged
frontend/src/locales/fr/auth.ts	accepted	fef06b50662f35c0a59c1e8c849468fa6cadaa8ddf643edc02d3815fb6c0a1f4	fef06b50662f35c0a59c1e8c849468fa6cadaa8ddf643edc02d3815fb6c0a1f4	unchanged
frontend/src/locales/fr/chat.ts	accepted	7d524e185c941bdde7fd71df43dd8edd2975e249b1dfbeca5d54179c72d5e3ed	7d524e185c941bdde7fd71df43dd8edd2975e249b1dfbeca5d54179c72d5e3ed	unchanged
frontend/src/locales/fr/common.ts	accepted	c963ea5251546fd1a28f27bb03c89d209c09e1c6c63f1304d8bf9276485b83b4	c963ea5251546fd1a28f27bb03c89d209c09e1c6c63f1304d8bf9276485b83b4	unchanged
frontend/src/locales/fr/comps.ts	accepted	9dd28883bc45af1a2c0febc478529cb26af2d76fafcc0d15b0003bd555cb051a	9dd28883bc45af1a2c0febc478529cb26af2d76fafcc0d15b0003bd555cb051a	unchanged
frontend/src/locales/fr/index.ts	accepted	617fe6f5433bef0768683fd951f4a8e1e7d86ea56a612daac0b7c68b84cb854b	617fe6f5433bef0768683fd951f4a8e1e7d86ea56a612daac0b7c68b84cb854b	unchanged
frontend/src/locales/fr/landing.ts	accepted	192e92ccbeb080b612b871a4100060cfd8f83130136bcdafd0dc8c273cc87764	192e92ccbeb080b612b871a4100060cfd8f83130136bcdafd0dc8c273cc87764	unchanged
frontend/src/locales/ja/admin.ts	accepted	bec7dc2914a5013f0834de451532d9387b60a2ba8f2ae75c27eedb40a1274d8c	bec7dc2914a5013f0834de451532d9387b60a2ba8f2ae75c27eedb40a1274d8c	unchanged
frontend/src/locales/ja/auth.ts	accepted	9a7b9b682a1768fa3d84e30d2c956f8caef483a9c9842bbea861211282ed3bf7	9a7b9b682a1768fa3d84e30d2c956f8caef483a9c9842bbea861211282ed3bf7	unchanged
frontend/src/locales/ja/chat.ts	accepted	7ba37a289603876292b6452b5220a56a7105591d491be8276d0d868b7c5c7b32	7ba37a289603876292b6452b5220a56a7105591d491be8276d0d868b7c5c7b32	unchanged
frontend/src/locales/ja/common.ts	accepted	c81b0549509d703f398d8ea03231ffcd4212a90d32e644de433666d9d3117482	c81b0549509d703f398d8ea03231ffcd4212a90d32e644de433666d9d3117482	unchanged
frontend/src/locales/ja/comps.ts	accepted	12d4908f8c898d3a3b57abfdab1ba9c4c624d106f5be0fadc58ebba09377c64e	12d4908f8c898d3a3b57abfdab1ba9c4c624d106f5be0fadc58ebba09377c64e	unchanged
frontend/src/locales/ja/index.ts	accepted	617fe6f5433bef0768683fd951f4a8e1e7d86ea56a612daac0b7c68b84cb854b	617fe6f5433bef0768683fd951f4a8e1e7d86ea56a612daac0b7c68b84cb854b	unchanged
frontend/src/locales/ja/landing.ts	accepted	f6b95414d6023b5d416225327123942b098a3a64f70a50f98f05a815ca2d3659	f6b95414d6023b5d416225327123942b098a3a64f70a50f98f05a815ca2d3659	unchanged
frontend/src/locales/ms/admin.ts	accepted	fe5316b2bfde045044e0f3ca017d91dec5fa677ed558af5f72324f5c3c601334	fe5316b2bfde045044e0f3ca017d91dec5fa677ed558af5f72324f5c3c601334	unchanged
frontend/src/locales/ms/auth.ts	accepted	8f709ac56c0866497c13dfa9bd422ae9726e9c6e4711dc1b3b7d97f93aafd003	8f709ac56c0866497c13dfa9bd422ae9726e9c6e4711dc1b3b7d97f93aafd003	unchanged
frontend/src/locales/ms/chat.ts	accepted	dd54ce341e844e20e2e78eaeb636b6f1e40dcd7d15ea22acd2508b2b174bbf6c	dd54ce341e844e20e2e78eaeb636b6f1e40dcd7d15ea22acd2508b2b174bbf6c	unchanged
frontend/src/locales/ms/common.ts	accepted	3759fc0d589baa16d97d32a3a093fea54137f176f554407c10440f01e01fe240	3759fc0d589baa16d97d32a3a093fea54137f176f554407c10440f01e01fe240	unchanged
frontend/src/locales/ms/comps.ts	accepted	cd573452c2a69c6c27292b2a03bb5eea00f46029780bd8a6b0e151bd7a6ad48b	cd573452c2a69c6c27292b2a03bb5eea00f46029780bd8a6b0e151bd7a6ad48b	unchanged
frontend/src/locales/ms/index.ts	accepted	617fe6f5433bef0768683fd951f4a8e1e7d86ea56a612daac0b7c68b84cb854b	617fe6f5433bef0768683fd951f4a8e1e7d86ea56a612daac0b7c68b84cb854b	unchanged
frontend/src/locales/ms/landing.ts	accepted	1fcca97dcf1e2d63499a24d2011e676d547f89aa08dda95b08095557bf61a4b4	1fcca97dcf1e2d63499a24d2011e676d547f89aa08dda95b08095557bf61a4b4	unchanged
frontend/src/locales/zh-CN/admin.ts	accepted	734fa319f3c41a3bd8ef99fbfd4f18571439f04a41fac4b94eddb4d70464002a	734fa319f3c41a3bd8ef99fbfd4f18571439f04a41fac4b94eddb4d70464002a	unchanged
frontend/src/locales/zh-CN/auth.ts	accepted	af83a5272806e2d3680354ad4466fba47d93756a1887c2c09577756212c72e48	af83a5272806e2d3680354ad4466fba47d93756a1887c2c09577756212c72e48	unchanged
frontend/src/locales/zh-CN/chat.ts	accepted	84618431e85a3449ed5eacb12892d2f8eb02fdc7530858504f7e082e1ca2b930	84618431e85a3449ed5eacb12892d2f8eb02fdc7530858504f7e082e1ca2b930	unchanged
frontend/src/locales/zh-CN/common.ts	accepted	037dd782398d55c0b175df83d59c5da1ab90c9c2f3b546c718a5f0f3397bd2a3	037dd782398d55c0b175df83d59c5da1ab90c9c2f3b546c718a5f0f3397bd2a3	unchanged
frontend/src/locales/zh-CN/comps.ts	accepted	4a408b02e5965c351c5a68554b99732048202e1f177f7ce100a06fdc1e8259f0	4a408b02e5965c351c5a68554b99732048202e1f177f7ce100a06fdc1e8259f0	unchanged
frontend/src/locales/zh-CN/index.ts	accepted	617fe6f5433bef0768683fd951f4a8e1e7d86ea56a612daac0b7c68b84cb854b	617fe6f5433bef0768683fd951f4a8e1e7d86ea56a612daac0b7c68b84cb854b	unchanged
frontend/src/locales/zh-CN/landing.ts	accepted	cb6c009a2442a6a5223724949922bb9a98fd62629574783daf7a56abf6ce871e	cb6c009a2442a6a5223724949922bb9a98fd62629574783daf7a56abf6ce871e	unchanged
frontend/src/locales/zh-TW/admin.ts	accepted	cf9b398417cd6e8056fe1df340fd4ccb9140a17f69e6831ea7e73c316146fdaf	cf9b398417cd6e8056fe1df340fd4ccb9140a17f69e6831ea7e73c316146fdaf	unchanged
frontend/src/locales/zh-TW/auth.ts	accepted	9c1596237f1fa2faec811ef3476e21d9f24f46d1cb049829bfc39fb33d9e026e	9c1596237f1fa2faec811ef3476e21d9f24f46d1cb049829bfc39fb33d9e026e	unchanged
frontend/src/locales/zh-TW/chat.ts	accepted	5b10f9a51988330ab9fa4909e3954a053aa0c45bb2fa102d2519299b69b63679	5b10f9a51988330ab9fa4909e3954a053aa0c45bb2fa102d2519299b69b63679	unchanged
frontend/src/locales/zh-TW/common.ts	accepted	f739778c195a8a986d3c8c154a7c2ead59a49ae9fb927a6a2ac6d06fc0327125	f739778c195a8a986d3c8c154a7c2ead59a49ae9fb927a6a2ac6d06fc0327125	unchanged
frontend/src/locales/zh-TW/comps.ts	accepted	4c6821953b48395f8df30cfe74967ea784ba0aeb4c8f3adea8837cfd924c4682	4c6821953b48395f8df30cfe74967ea784ba0aeb4c8f3adea8837cfd924c4682	unchanged
frontend/src/locales/zh-TW/index.ts	accepted	617fe6f5433bef0768683fd951f4a8e1e7d86ea56a612daac0b7c68b84cb854b	617fe6f5433bef0768683fd951f4a8e1e7d86ea56a612daac0b7c68b84cb854b	unchanged
frontend/src/locales/zh-TW/landing.ts	accepted	ce66b098b091edf02a8a314f8277df25ffb5d2d0d867a01c7f5d27fdb3ed8766	ce66b098b091edf02a8a314f8277df25ffb5d2d0d867a01c7f5d27fdb3ed8766	unchanged
frontend/src/main.ts	accepted	034bdfa060fe1caf0065dbb7eb6fba3ddce7c6cbafe3f1becbc1a53589e092ef	034bdfa060fe1caf0065dbb7eb6fba3ddce7c6cbafe3f1becbc1a53589e092ef	unchanged
frontend/src/router/index.ts	accepted	3e75556c37b53025e51564b299ed91a80b13f5c99f64efd60eaf2325b8acbbae	3e75556c37b53025e51564b299ed91a80b13f5c99f64efd60eaf2325b8acbbae	unchanged
frontend/src/stores/chat.ts	accepted	7b6ad5b69d61967dc66014396f8ca2121c29ba26b84c7b223352b99ede718fd9	7b6ad5b69d61967dc66014396f8ca2121c29ba26b84c7b223352b99ede718fd9	unchanged
frontend/src/stores/dbConfig.ts	accepted	3a11473eac6e5714b388afdfda0d9eadd60cd3b363e85e31e51ebbb2c4ae8df3	3a11473eac6e5714b388afdfda0d9eadd60cd3b363e85e31e51ebbb2c4ae8df3	unchanged
frontend/src/stores/trial.ts	accepted	6d45f1fdf7d3e5d98e6cda76f3777df821e2d871450614e3f7cb5f98ffd07dff	6d45f1fdf7d3e5d98e6cda76f3777df821e2d871450614e3f7cb5f98ffd07dff	unchanged
frontend/src/stores/user.ts	accepted	d49f992f0546828db9dc57d9fef36fcd09e78e2293de4f2472aeedae5cfff720	d49f992f0546828db9dc57d9fef36fcd09e78e2293de4f2472aeedae5cfff720	unchanged
frontend/src/style.css	accepted	4e3bbb3a4d0f859c86ab65ecdf005b63981aea898a5355821762f83c79aedd31	4e3bbb3a4d0f859c86ab65ecdf005b63981aea898a5355821762f83c79aedd31	unchanged
frontend/src/styles/global.scss	accepted	de1ef05142a0de24275013069dc1ba09f72ea653aed46630121cba4039f06c0a	de1ef05142a0de24275013069dc1ba09f72ea653aed46630121cba4039f06c0a	unchanged
frontend/src/types/index.ts	accepted	fb45cb3d4a6ce94d6f659eb893e5902fcb55681071efea7a93010b6878b8c15c	fb45cb3d4a6ce94d6f659eb893e5902fcb55681071efea7a93010b6878b8c15c	unchanged
frontend/src/utils/auth.ts	accepted	ffe43f5489b9a65725e50a3973b272ee83ebfde6c9fcec0d09aca21896de986d	ffe43f5489b9a65725e50a3973b272ee83ebfde6c9fcec0d09aca21896de986d	unchanged
frontend/src/views/admin/AdminLayout.vue	accepted	0ad70495270a01077ff170958dc129a92de30ed317b2ca162cf071dd527757a7	0ad70495270a01077ff170958dc129a92de30ed317b2ca162cf071dd527757a7	unchanged
frontend/src/views/admin/ChatPage.vue	accepted	1f098e2fb29be277381ef860227515aae9d2a9cbdd3912112f39cdbb811d5e8f	1f098e2fb29be277381ef860227515aae9d2a9cbdd3912112f39cdbb811d5e8f	unchanged
frontend/src/views/admin/ConversationsPage.vue	accepted	157a888fdaf43702f26e3abe76e104a1ab4f81c0f22fed7f51f550bc8a952c9e	157a888fdaf43702f26e3abe76e104a1ab4f81c0f22fed7f51f550bc8a952c9e	unchanged
frontend/src/views/admin/DbConfigPage.vue	accepted	f433deedd65933d5acab0934076625b7ed7999b49cac0e3741d7056be5656734	f433deedd65933d5acab0934076625b7ed7999b49cac0e3741d7056be5656734	unchanged
frontend/src/views/admin/ModelConfigPage.vue	accepted	496a7be141c05462b9fd4157dfbb9c973fc1cf3def09894b6ddd75625b5fec84	496a7be141c05462b9fd4157dfbb9c973fc1cf3def09894b6ddd75625b5fec84	unchanged
frontend/src/views/landing/LandingPage.vue	accepted	fb6c8f236a5a4a6e53e562a6678d931f089a00cbc151355486a1b963e43d93df	fb6c8f236a5a4a6e53e562a6678d931f089a00cbc151355486a1b963e43d93df	unchanged
frontend/src/views/login/LoginPage.vue	accepted	e4ecad86d20ad34e97bd1758e9e88113759908f4c46c937ac8dc689e9899d38d	e4ecad86d20ad34e97bd1758e9e88113759908f4c46c937ac8dc689e9899d38d	unchanged
frontend/tests/chat-contract.test.mjs	accepted	660cc67fe9232b391e66695ad20a69af90e293c42027c2747afcbea94769ac70	660cc67fe9232b391e66695ad20a69af90e293c42027c2747afcbea94769ac70	unchanged
frontend/tests/fixtures/chat-contract.json	accepted	d67963a8b426fa2cdbcec0bd35bffbdf995fa555efc29f9866c9b877139e414e	d67963a8b426fa2cdbcec0bd35bffbdf995fa555efc29f9866c9b877139e414e	unchanged
frontend/tests/fixtures/s07_api.py	accepted	49a2e72670bb254e8e1010eb916741d2cd5762b3e5b5b4bbc677623d9341d43f	49a2e72670bb254e8e1010eb916741d2cd5762b3e5b5b4bbc677623d9341d43f	unchanged
frontend/tests/s07-chat-e2e.test.mjs	accepted	f15155830ffacb0b33ecd91e74adb5be26087ec06c13149f8359ea3cdf7af690	f15155830ffacb0b33ecd91e74adb5be26087ec06c13149f8359ea3cdf7af690	unchanged
frontend/tests/s09-context.test.mjs	accepted	ff6421e25a35ad970d4d0b8e8a0d27ffc166a569a820569bb975380c93d0e70e	ff6421e25a35ad970d4d0b8e8a0d27ffc166a569a820569bb975380c93d0e70e	unchanged
frontend/tests/s10-upload-contract.test.mjs	accepted	a91fb40a6a4edae53909e5cb6266dc1aaa8bc90c751ba7ca8bdede57e98f57d8	a91fb40a6a4edae53909e5cb6266dc1aaa8bc90c751ba7ca8bdede57e98f57d8	unchanged
frontend/tests/sse-eof.test.mjs	accepted	b2875eae3218fbb87b484b4c82b3556b109854dde49d30251377b8ee00a5cd23	b2875eae3218fbb87b484b4c82b3556b109854dde49d30251377b8ee00a5cd23	unchanged
frontend/tsconfig.app.json	accepted	cd56680ecbb630af7c5b3354b05f6a5978b8b1f1863b30139d599443aadc9056	cd56680ecbb630af7c5b3354b05f6a5978b8b1f1863b30139d599443aadc9056	unchanged
frontend/tsconfig.json	accepted	ad28d132ee48d6e23917cf5827cace785d0fc01a44ca68b0dda51cc8c3fd3f52	ad28d132ee48d6e23917cf5827cace785d0fc01a44ca68b0dda51cc8c3fd3f52	unchanged
frontend/tsconfig.node.json	accepted	a9e6c7f6fd3ec455a6fe1d4fbb83091e774b62fe116008ab6d8c5e1e88af4629	a9e6c7f6fd3ec455a6fe1d4fbb83091e774b62fe116008ab6d8c5e1e88af4629	unchanged
frontend/vite.config.ts	accepted	45724eb59e37f89dbb7ba7c4ec097b2f67c753c30a46eab398157d147d6f6eb3	45724eb59e37f89dbb7ba7c4ec097b2f67c753c30a46eab398157d147d6f6eb3	unchanged
scripts/acceptance/java_runtime_contract.py	accepted	615057c075421afd1e5503ae2f733070d2abebe253c23f7665a5894b6ff87c62	615057c075421afd1e5503ae2f733070d2abebe253c23f7665a5894b6ff87c62	unchanged
scripts/acceptance/real_model_benchmark.py	accepted	8d96dafaf07542b82df02fdf9ddd3e859511615f738cc44a0daa2c68eb9a722d	8d96dafaf07542b82df02fdf9ddd3e859511615f738cc44a0daa2c68eb9a722d	unchanged
