path	sha256	size
backend/app/adapters/native_reads.py	f74941e55bf2e17a0b295d5853658d80598eaa1047b44503f8b6ae9812ebcf8d	5209
backend/app/adapters/native_relational.py	b978c0dceb51227d6c35b2c25e30735c17c81a831a93fc7a653165d75529e84c	6405
backend/app/adapters/oracle.py	d0d32e84fcbfe250d01a4c9778431721dd0cd74bbf34ceb2b77511b5186e1a76	7484
backend/app/adapters/oracle_metadata.py	b4b70a10cf4cb56d466946475ddaa95d08c8c044eb249ee744ce3f82204b7f4d	3014
backend/app/adapters/oracle_read_catalog.py	bcce7b66fddbe40f73ab3fe6b76de7c3f22e8603d0c903a172b1db3b12ed2383	3194
backend/app/adapters/registry.py	440990e66d30c521ec7ee8d5a40ac6a385236a2f2964d9bef4d4f15e6aa91a62	1040
backend/app/adapters/sqlserver.py	c45b77caea6b2e35110d353fe6b10b1f33e8b442aaf2ad6e66c6903549f824ae	3797
backend/app/adapters/types.py	e87c0541e4b147be4917d7c1ca9d5bca19e81a396228fc94a81d56f67894edac	2012
backend/app/agent/workflow.py	e518599737e48b0682e4b5bae177ea30f0b24795c24c9fdcf8927d650208f307	11313
backend/app/agent/workflow_rows.py	37341ef358aaa26d73918ce318b17f4086171384cf4f907bd23c59352edf2fcc	7661
backend/app/agent/workflow_schema.py	e850cb24fc6be81288e893ae0c412a0a8ede8c4363027723042c3ede4425a854	5738
backend/app/services/database_tools.py	79520e5caed64e2671dea47645431cf5aabdef180a1fa78c7235135a08dfa53b	3347
backend/tests/native_database_fixtures.py	3899538c520fd508edf30ff798b9d6604ff1c3bf1fffd6d4793cb351d046f088	4768
backend/tests/test_native_adapters_limits.py	54f0834a621a8726f1d148f28d9ba9b633b95e236ae452e933da07c9ff655329	5237
backend/tests/test_native_adapters_protocol.py	42b50030b805196fbdf8cec6aa97cc04520109c598e549c96a12ce6025ba3edc	12812
backend/tests/test_native_adapters_safety.py	c3a6180c9573efb485270fb71213d5bdba3d411eef288642ca0df4f234abe240	7094
backend/tests/test_native_adapters_sessions.py	17d9ce5aa6b7a26f20ceca549996f67bf8ff8b84412a2d72867d4f2fb10ef8a4	8107
backend/tests/test_native_api_real.py	6b15bd5f8190efa363df176ade934d0a8df13d43adb63881d328333f98980547	4993
backend/tests/test_native_reads.py	bbd386e4810e70273a22be545ce4bd800cdcb894a502d6f245abfaf0087ca6ce	3224
backend/tests/test_native_workflow_bridge.py	dc575921f647f63722ef45ebb38005ef56b382bde0d9c51bd65f8d8420f30141	5015
backend/tests/test_native_workflow_real.py	dcca6f6b3b8b915d4f00c8eb9eb4add65d88ef8a51f97525e0877c04b128562e	4728
backend/tests/test_oracle_metadata.py	9fe93bf9c5383b6fd1b6845b0ce02db0bf2f709c37cfd06cf41a0db4041118bc	2891
backend/tests/test_oracle_read_catalog.py	b94bfd838396993947a17fa3f1e2aafb0f0c8ef1a1b1dff79cae836612020fd6	4579
backend/tests/test_oracle_real.py	43c4873caa6b500309bdc812a1cc56169c365795c69aa9ef437dcb8e9cdfeb42	9572
backend/tests/test_oracle_sequences_real.py	36d4697c8b4dc9ddf710f85dcfe9e353491630cec3280643bae11333909980f0	6801
backend/tests/test_oracle_service_bridge.py	190e56fceb08f2fcf039df728fec0b1c0177c9aed40a81dc36e2662a3ed18894	1502
backend/tests/test_sqlserver_real.py	94b5c0610c91ff6b9cd9feaa455b58fe4d09b0e618394f6eeec4955a6958d704	7663
docs/phase-12-native-adapters/README.md	25b53016fd6059fd3acf37c73de8210107bc3715e864bda83a668726099e67bb	13535
docs/phase-12-native-adapters/final-bridge.log	4c23ff55a5003195ea584012c6861aa66b60b776f27273e78ed72092f61e6111	18905
docs/phase-12-native-adapters/final-native-s13-revision.log	ffac6712d9654d44edc3ccb4f60ee66334083ed042b87fbfecad70e2ec844196	135
docs/phase-12-native-adapters/final-native-s13.log	0c154c8261a245d01d58ae034e527203e15e3d1d400b63a3ed084f8b5c89b625	19723
docs/phase-12-native-adapters/mypy.log	e1933d29513c905ba6bf6828838a39f7d132a341e1fb63954bb71e0b3341fcff	45
docs/phase-12-native-adapters/native-additions.log	f9dbe9dd4217f0af464af0dd327cd953e83e1cac7a4b65040b52217264be0694	326
docs/phase-12-native-adapters/native-api-real-revision.log	b659a9a8a74d4c4d43169be8685eb8204377b7c2378f87242e62c08380d614cb	100
docs/phase-12-native-adapters/native-api-real.log	4c949436b855cf4d860109fd346dcf92ce9fccf2ce6d4ad7b5b6208488db7dd1	6589
docs/phase-12-native-adapters/native-current-real.log	44970c2c14246ba9fb4cdaa2aeb90967d1773659fff96fc60a4845baad32c144	300
docs/phase-12-native-adapters/native-protocol.log	8a0ad75c2f6d8ccd2e62b94664e86e1b41665f0791411e0a2c03b501bf4a2154	101
docs/phase-12-native-adapters/oracle-boundary-and-quoted-revision.log	0f1a36c110f69da0402229f1c800d4a7c27ab8bae6b6c9dd395d6cbece62e42a	102
docs/phase-12-native-adapters/oracle-cancel-probe.log	7ffc6559d38fe4f93a9f3c23bb2fa0c45a84104f14b78d3382e45eaf2339de90	2433
docs/phase-12-native-adapters/oracle-catalog-expanded.log	7ca0abf67b86802555bc99a311819a534d9f26072bd679bc24ac01604c701112	144
docs/phase-12-native-adapters/oracle-catalog-final.log	2100a190ec9ce67f1cd24fb80a4b5ff2945c85946b9936dc0c4b0a8a80a76a4d	102
docs/phase-12-native-adapters/oracle-read-cancel.log	1d3b932a510f54e645099057e4c12ebb1e12e3d2b0509f4372b9bd7bfb1e3157	101
docs/phase-12-native-adapters/oracle-real-revision.log	77b2b621da516d7127e581c419001dad66094fc1b20819b0ab32f7e380e7a7c7	2854
docs/phase-12-native-adapters/oracle-real.log	f3d97ceb254464f2de0899f8711334dbd86c1a1cfa7a9cc60c3b0e96239952cb	13263
docs/phase-12-native-adapters/oracle-sequence-probe.json	f7f938dc77fc95defe541013c76339049b92a2af23ba72e86ded1a4f4c70b350	1650
docs/phase-12-native-adapters/oracle-types-and-workflow.log	491fd35a915fa63b68c828cb4b3952da4c7295b89e336992e84da8c67515d1a1	13052
docs/phase-12-native-adapters/probe-oracle-sequence.py	4fc8baee5f106344fdbabe50b1da20800519645d427c9494e02abbc7c6814022	3473
docs/phase-12-native-adapters/ruff.log	a4443afdcfb6d7363adb285762515ccf7cf50473b1a05c20c1a50f6bed4d26b0	20
docs/phase-12-native-adapters/run-checks.py	e9f1a74a4627038a388cbdda18a8ea622b74cf7720e2dc0b369461c3a2c64604	2785
docs/phase-12-native-adapters/run-final-gate.py	dac6049212b86ffe0a19e75f4c1b2cfcc810101d1aaa51041df2faa5fe9bc3c9	3023
docs/phase-12-native-adapters/run-revision-gate.py	bdc7c18ecc9c02f1b8203c06b162b73b2b03d7cd9c56866b246f7ccc1d582287	1039
docs/phase-12-native-adapters/sqlserver-real.log	791c44ccf7eba2ecd584fdd92c6fa59445836fb6e835073d5e3eba4347ec0e39	100
docs/phase-12-native-adapters/sqlserver-workflow-real.log	c157a4e22b7e10739585cbfcaedcb57e41c481e728a6d212844cbbe175bce923	115
