path	sha256
.gitignore	82dc18c9541934a5367bcc7006663d0b88af208e54593488f9b1d13800524aef
AGENTS.md	9ab34cdb8fab2615f347454b0e59d10a5ad8b2e249b49beba9e1296636b87560
backend/.dockerignore	3ff7f4851eb1eb1af6fece191d8d058586a88c59fc156d9ff0d6f06f160a555b
backend/Dockerfile	cfddff8b87ebb3fe374d90136e160d0a93a5150f1298909c278728b09db7e8d3
backend/alembic.ini	2a59c48858089bb6d9d2e1d5ddb0f1555b419389665880c3ea53f28fe8fdf801
backend/alembic/env.py	2e0b013955e851395fdd1ab9e9babe8e7ddd456ab34de97282b7f367a5146e12
backend/alembic/versions/0001_initial.py	3c37ddf0f5c86dc2351d320864e78087e4cbbb635f89d85e2cb60b0ed66941ad
backend/app/__init__.py	d9d6e46bc8e7139c66575f64eafa2611446b20b82ee9dcdd57d74d996e0b9afb
backend/app/adapters/__init__.py	5a3df7a7885a9a51cc9525854b2f2dfd3e1a8ca7c80b89377c2dcd16f632503a
backend/app/adapters/cancellation.py	8a61e446412335abc09a3d1402c9e91a2d89e8764138c77506ac07d3c2a76459
backend/app/adapters/diagnostics.py	8fdd20a98bcd657db4e2e8bcfeb365c5fb3d406b8acfbb72428dcbd819498f0d
backend/app/adapters/document.py	14b3472e756fde8cc03e3eef97a3235eec0721e6c05bb38d783b2fcc3cd843c4
backend/app/adapters/mongodb.py	8c5b873071a08b09df57c34ecf878b57f032d7d231abe8095377463560d47ea5
backend/app/adapters/mongodb_command.py	e451aa68cea967f400766886c66f2b87d0e3bdf6c48efba0800799c5182b1677
backend/app/adapters/mongodb_metadata.py	c75e43b62e46e6ec17e11db0ad031a4c321005cc328c6f5f4bc585e69e747e93
backend/app/adapters/mysql.py	83fda5400697f9d6839aa35bf8a7e82450e0d62e3aefe22fdf1a8666d6878f19
backend/app/adapters/mysql_family.py	00c1fb5098c1006130e41b4037db3f90bfbb8f9c0f25e0a47beededb500525a9
backend/app/adapters/mysql_family_metadata.py	fba1ec6c21d8e548379798be2b96ccab7c628bf89b958277d86a9ef9af29f5c5
backend/app/adapters/native_reads.py	33240cd1f52d2e130b2474bcf4aee48f39095fe21cf0ba0af7af7fe2235410de
backend/app/adapters/native_relational.py	70c9456e390a3d6d357d76530bbd2b8db83c0e656dd4e4e8af7f76b339444574
backend/app/adapters/oracle.py	8f407dc772ac96c412b3e6e459eaf7e4c58f38d79bcbb572731edea71e2d5b7f
backend/app/adapters/oracle_metadata.py	448aff05239e2b47cecdf2b191f60ac21fa58fd121827a6410c910fd3a5455ea
backend/app/adapters/oracle_read_catalog.py	8590b545a959cb42d7a6c301ef5b6d797771a5c593db92004dba5a9175140e72
backend/app/adapters/postgresql.py	a135e8599406d4b245413b08379664752a5279f4a8c7e22033daa5b4fa92fd5c
backend/app/adapters/registry.py	440990e66d30c521ec7ee8d5a40ac6a385236a2f2964d9bef4d4f15e6aa91a62
backend/app/adapters/relational.py	dd0ab5c24da35e98203f8a60311eca147284120ff57180d0674a01259abea5a9
backend/app/adapters/safety.py	a54c3e2f2743a31aa2ac27ee0d2416d2f9c98c49ed7af9748618848ab8975fe2
backend/app/adapters/sqlserver.py	c45b77caea6b2e35110d353fe6b10b1f33e8b442aaf2ad6e66c6903549f824ae
backend/app/adapters/types.py	e87c0541e4b147be4917d7c1ca9d5bca19e81a396228fc94a81d56f67894edac
backend/app/agent/cancellation.py	dae07269efd86886a2b71c905ad44aa50c3346e6a2fb8fb59a12b8c88a1333e0
backend/app/agent/compare.py	4dce5d0dc2efc3cef4a9699e87eb467954a28653fcdcc6f0293019f01d2f3e9d
backend/app/agent/compare_locale.py	4fa26a4f3387741064b01cc5aaa7492df7558221d2242b8a12bc9b0686582120
backend/app/agent/context_runtime.py	4d8828c4b3a319f886c7904fd0ce7d1278635a2e1c7dab4a308a01100694d065
backend/app/agent/dsml.py	7dba043e25602afd3ec271b7a2def0b1c18416f64b06cc31383a0c3c6f7975ea
backend/app/agent/graph.py	30a9f84b264e83b26a2d9ebae210a761efd1733708aff338582bd1fcd352a3a3
backend/app/agent/graph_sql.py	40168bfcf209e724b75a8d8a710b556b768f39c79c8dd4e99222abe3ebb9339e
backend/app/agent/model.py	2711b4db875dfdd3c9129ecba820ad3deb46c1a9016c8ba2640e4a827f6c948f
backend/app/agent/output_guard.py	bb9bfe8ed7e979a4da1f3c91226d334a56d9e61f97ac8c9d9023f69a9f0050e7
backend/app/agent/product_locale.py	924bc1931ec90573073f042474a770868a62c6600dd3798b884f697aeac8e412
backend/app/agent/prompts.py	297a84989ef7e8b12838667ad8da5c052157cf4cd2d6f3d0ca644ffe4c31e756
backend/app/agent/streaming.py	a7ec99d12ddf82b1a6fd4a52803f241d1f682c5ead961ec07f0ed1ad3ea5e70c
backend/app/agent/tools.py	3f6524977a2488111a95baac13b2c8590fc86af186ed2c10ecf404346999aea1
backend/app/agent/types.py	ca3d9e29853d6830ad5aa09b4effb09bc9cdbe99922b77c60ee8e5671136c691
backend/app/agent/workflow.py	e518599737e48b0682e4b5bae177ea30f0b24795c24c9fdcf8927d650208f307
backend/app/agent/workflow_mongodb.py	6b6cd953a641ab7c39fc468e16c618e2d38c0beb3422e570ef53c71f95346a9a
backend/app/agent/workflow_rows.py	37341ef358aaa26d73918ce318b17f4086171384cf4f907bd23c59352edf2fcc
backend/app/agent/workflow_schema.py	e850cb24fc6be81288e893ae0c412a0a8ede8c4363027723042c3ede4425a854
backend/app/agent/workflow_values.py	658641a777ea1571dafad8bea1da62f93da569822414cfa56c473b2031cdc92b
backend/app/api/__init__.py	497f9375fef554be09b3a1ec33aa99b78d90f22c884272a19fd6fe694179331e
backend/app/api/auth.py	cad290457044d6d3277d9118d2715966c4c10a575ba6ec74104534f10f410457
backend/app/api/chat.py	41e2a1c2a787f6773bc7da6f5ecd8f773a47e7701a0677233e654feb9d16a567
backend/app/api/db_config.py	afc58dcef3c13af2b78704748af1bb0d85331c4561ebde1f0dfcc926274c2c0b
backend/app/api/file.py	9b25476c4b2d19f69d911ae52aae40f06337d339b2871ef3592ca0355c8cfea7
backend/app/api/model_config.py	e61931303a787e9ca6366b0d3f69ae94da1e37d77ce6604de8ca020f07320059
backend/app/api/system.py	f49db231db8d189785f9edb4a2d9a54e588cee98da9db54c567300b845d57c66
backend/app/api/trial.py	fb7447e79e1b9520f2c24ed430e3e6b10e4f04d866c06a9e2f39e5d76fe31221
backend/app/core/auth.py	1818e12ecbbcd12b5bb745c09a6ce0bcc2deb4be3cf8d67a598be4ef2d1bab57
backend/app/core/config.py	5d9431f0a8db2204e1a4bd7d3432ac1bd1a1582ee0d024bbe9afded826e19844
backend/app/core/database.py	1f46d7d5daef01c6d4f45b2f02629bbc61ccd80c39fafe6dbc453032c5c961a8
backend/app/core/errors.py	d5bafccc975555a05f5cfd41256d0a33651d37e5984a6f776870653b14385dfa
backend/app/core/localization.py	da91f3b5aebd05cf804d7525c0a6bc4fd3f4311247ea50b033cbd0ed11194897
backend/app/core/ownership.py	b852a8a0316b08cc8639a3a37c6a518e02f9f1967dabee39abee29130b1c0a4b
backend/app/core/request_locale.py	f2bf2ee44884361d4da3178905cb2606da3010964c3b7ca3e9cf9e601cb67179
backend/app/core/security.py	82f6f659d078af30fc558f5cea61bcc199c21a3728051efffdbb5312d7fed95d
backend/app/main.py	87a527a29c3f66b7afe58ba060be57cd942d56d5cea4cf1adf0256bed50fccc8
backend/app/models/__init__.py	bd3f62bd07bbd0db82b1b7520fdd4387049c92fcaec6230257908cc563ce5c09
backend/app/models/entities.py	6bf8dafc1c0025d7e80f5fdd3dacda73d512ff0bc7be57b6a8ed5b32cf207d46
backend/app/resources/i18n/messages.properties	6a27d24d1cd89644798c8a5c2521a8eb509d536a39322ce7be298b4a4a1680fb
backend/app/resources/i18n/messages_es.properties	f8a7762d05afe482fe13a2f5edaa41e34476bbc06c36f5e6e0f5d5f8be7ffde9
backend/app/resources/i18n/messages_fr.properties	8727200039388ca784fa10f80e5aa7d40d4d912046cfd92cf71da450ba7e807b
backend/app/resources/i18n/messages_ja.properties	fcaab9e91c385c1237a45627b2fbb3d9f7be0fe11a4262191ebdb43fd22b9113
backend/app/resources/i18n/messages_ms.properties	1a96dfd905d9c614a02d8247db5c7bfabef0969411bfd424188fd7f64a17c098
backend/app/resources/i18n/messages_zh_CN.properties	897f95bb1755da83f953fa4eb811c140b8033f7bf1277edd6f404aea9c620651
backend/app/resources/i18n/messages_zh_TW.properties	158e948074d7370b059aadccf04d600627d77bd316fb968930180987a9fc9673
backend/app/resources/prompts/_context-policy_en.md	47d3b4e912ea846aad69921f8ae13b74cb8fc741fcff192aceaf3aa4f16753db
backend/app/resources/prompts/_context-policy_zh_CN.md	2b4ee90d6e763ab2b5659de119ec3acb3151f0d14b85ba09bfc5fd1e1d7d4ecb
backend/app/resources/prompts/db-compare-agent-system_en.md	49f0f5efeea720acf9c8e0f28c7c294e95a0df4d3050aa77b0bf3e4bd5d4724f
backend/app/resources/prompts/db-compare-agent-system_zh_CN.md	c106b8f592bfd66010e0dbfd11b0fc4575105bb9166b7ba3d8bf2248586f7ca3
backend/app/resources/prompts/db-sql-agent-system_en.md	9dbcd9582bc019bb78abed56b7c0bafc868321cbe359bb24dbd6fe5c86d90e46
backend/app/resources/prompts/db-sql-agent-system_zh_CN.md	3c9e1132dd3266fbade0418586c4cb364027122e7e0c6b1769d1a68f9ebd434c
backend/app/resources/prompts/db-workflow-agent-files_en.md	e600ef46d77942a13f4cc5a63006a233d79be14b248dac8e772bf053dab34aa6
backend/app/resources/prompts/db-workflow-agent-files_zh_CN.md	8e94a7ca47d9fc6d07fadef967ea43ed517ac0ade8292ca6a1eb28ab687571c0
backend/app/resources/prompts/db-workflow-agent-system_en.md	c98cce74669b8ffb3d0c504a9da5ab837b152624857b097b88a15b16ea35ada8
backend/app/resources/prompts/db-workflow-agent-system_zh_CN.md	4a7d5dd7c05591a1772690a7d268b72cb30649ada55c80bb23a30412712ab367
backend/app/resources/prompts/intent-classifier_en.md	b557d0fc19aee19a1624bd24e871c2c8005c745e544f9ae7229d8caab910be8e
backend/app/resources/prompts/intent-classifier_zh_CN.md	7ee47d189ae283dafb2cb04afa3726e0bf093212f7622572967ae011ca949b22
backend/app/resources/prompts/simple-chat-agent-system_en.md	e9eabdb1183c1a5916c1500853421e994c9a7b6dc205ab5923b1ad24687b525f
backend/app/resources/prompts/simple-chat-agent-system_zh_CN.md	ade189621e001d18fbce579ebabc09ad661137b0acfa2b2b96c8c932ec22abd6
backend/app/resources/prompts/step-condenser_en.md	b1a8f5598ae114089fc190eb9c0852eaeaab4bb470cc95c61ac842a0a3673390
backend/app/resources/prompts/step-condenser_zh_CN.md	bc7a9a9ce34f69bd59fe41775bc25c5ea2167e3e6a1111f617854aa5e20ce8d2
backend/app/resources/prompts/summary-compressor_en.md	2c8aca8370ee3a675cf3588e248c4ff336cc7b54be4853b88c59fcbb669ffe16
backend/app/resources/prompts/summary-compressor_zh_CN.md	89eabdc125d264c85ba708ad8d914d10698c53bfd0b304c86ad37ae3c8b7fce3
backend/app/resources/prompts/tool-call-summary_en.md	068da577549590f5a26355e43a731d093aaac22f37ac4078a0acb5617f987c43
backend/app/resources/prompts/tool-call-summary_zh_CN.md	48fb8a8cb3edc2d28fb1c25b4ebcdd2289cee0abafbb8a79cb7c69604a8cb74b
backend/app/schemas/__init__.py	aeefbc2d8dae9aaeea1de04fa12cdb51d3210f6c96a31e9735f0697b902b7caa
backend/app/schemas/auth.py	f98969ec76f487a1bba589a8ccc6b8c4e208aa8240ca02c96d5e870d845b4c5c
backend/app/schemas/base.py	4e14819c1dddb7b252c0f2ab0ab6bc602f5b603b3cfb94d338963f74e3b67376
backend/app/schemas/context_compress.py	be1e897271ce83f2fcc9736166ee2785970765258f4fb5ce8fd3c6a0e85c746d
backend/app/schemas/db_config.py	676164a7e4af2a64b6f93620f3c3c578fad54b9748981186de4ed7aa6b9973be
backend/app/schemas/model_config.py	7f3b229605cd02d67e6f8355d5c59cbea332ba9aa06de786bf274fc947599c1f
backend/app/schemas/uploaded_file.py	eeb1815e18b6df7890f994eb88bf506bb2d9eff0f7657ad9a5c87b3d5f2c6276
backend/app/services/auth.py	43df0d72eb92043f17f09647a3543ffab6fc8177146916734bb29ce008b54443
backend/app/services/bootstrap.py	2e709d497ab249529af8b4a266f58b023aff02f9b682649b71e8749f3a529976
backend/app/services/chat_store.py	1c14963336566a8d8a4aba3b29d76518c3451f0234d1a2ef38606376d229dec8
backend/app/services/context_compress.py	02af24ca443b739f1e9fc7e3a525beb6aaeb422abf19686eba817d5a2db3c64b
backend/app/services/database_tools.py	ddf15af5909d01d16535976b7710ede4ec900dbcdb317d7d19ff5a8d017917ba
backend/app/services/db_config.py	00a155233c2faaa67b45a9fe1bdcd2ad69b32e16203b446c7af3d8d7ff0c6319
backend/app/services/db_config_common.py	b28c9a791f48989dd314592ecccbc5072156f62f3035fff86618cf9c2de4540e
backend/app/services/db_config_init.py	5859dbc3129794f52b42b6b7a249b06012f8f800c9558293219db8aac673e55c
backend/app/services/db_config_worker.py	fbd20b4ae9dd874a9da689d045e5fab5018d327d29a851b41f0e68af24b0ed5b
backend/app/services/file_tools.py	79a736f0c4fe3e6ff29d447740b672cbf9e16a535ba2fc7f49ac31b64c60caa7
backend/app/services/file_upload.py	cc060f3cbaa56472f38e9842a6ac7ab5a9a1fb4999a0d881e8f7e07c5cdfa8ce
backend/app/services/model_config.py	dd70275129773371a308574c6786603c78185aab0715906190f36766c353991f
backend/app/services/model_config_info.py	31e3181e37671b0bce122dd6559c409b164e3a05982722add340f8cef54d77b4
backend/app/services/schema_diff.py	0c7f951aa9a9fb7e121f0fcf6011a3382af39b619d393e6a7c30612eb6dd4a0e
backend/app/services/trial.py	d24ac614e553120fd877d28f6cc9ecc574b0eacaedfbb358c5c8c1e47207d74d
backend/app/storage/backend.py	a337e11123023b8b528f1184b9dbf2b95fc1ba4659f28c49daefe28f317b89db
backend/app/storage/local.py	79fb1a35714ebf90ad02f788c0525494545c0bc53f4ff1e46c98c8eaa66c7b4d
backend/app/storage/ocr.py	0f392f596def9b2fa2dbbbfd459ac58c75bb1c58a67ad84ca26530cf655dbe5f
backend/app/storage/oss.py	4f6801c1c4c152613ba5723694c030b6c2bad25faafd717cc593c963020e93e0
backend/app/storage/parsers/__init__.py	4eb144c60af046ea2259aa0b0795e7fdad7a2d7f52a1c0cf48787485a89fb71b
backend/app/storage/parsers/documents.py	e7d6d4d80537a44fa2cd9070069fd82e94228c8ce9618b63ff7ae3fa5b8d40a6
backend/app/storage/parsers/tabular.py	64ea0b104e8fd740c5d6235101e30bbade6e3ab5c9e348be824211f763d7fb04
backend/app/storage/parsers/zip_guard.py	3e21e9a83b6fb1d916ecf1345ca6a261a995212bd3e3af10444f14c029f78e09
backend/app/storage/validation.py	eb7848b5b577e96013041f79dd6d4929c2b4d3720699ca609aabbe9e678c297d
backend/app/tasks/__init__.py	94499d2c4b930bb4bb5c98712489f59510d2c62abfabf9b3e7c98b9a87a56606
backend/app/tasks/celery_app.py	77c4ef31e7c95be9769a7d2870b6430ba0cc15a12b40a0d159d9f5027a37939e
backend/app/tasks/db_config.py	db4ac757200205b6be7b5017c94b34dae290ea2561fde8afdfd203aeb386064a
backend/pyproject.toml	9a0adae9eff337881ae3e3e644b4c9e0519088a991ede86b6165eb614207f02d
backend/tests/adapter_cancel_fakes.py	270877b44ce88500b5682fc17b72af2c84d33514cad3a41d804e957e5200bd25
backend/tests/fixtures/s10_sample.xls	e17dc6d08c8967b92bc67e91cd2a718febe9003094ad006ac2f7c6dc8382417c
backend/tests/native_database_fixtures.py	7125eddb00ba7080a0f0d2acbdc65836960ab2482af9b33cce1acc51354d56b1
backend/tests/real_model_answers.py	18b7643d1fa52c337c2125f8ce873246ce9af3957dc66ae0f5b4052ef37806c5
backend/tests/real_model_answers_test.py	495e977149958b189d9b9e616ca41c69683cf618bf71dce0b64ff3fa88f69920
backend/tests/real_model_api.py	9be2b72d261b788f53539a0c9056f878a85d437ec89be1e87004d47831f12930
backend/tests/real_model_cases.py	adbb9979573e42eecec686691ac2f8fb5184267cc0d1323aed9f4225d0a35275
backend/tests/real_model_database.py	251702c4d1c054ff8e99ec0a56d48a299922fa761d2d28c91c9ad22c24ac9ba8
backend/tests/real_model_evidence.py	5591226eccfc932181457ca404f79f464b4c97c3a32ef32f0b8cd662cd273b5d
backend/tests/real_model_evidence_test.py	80e06739732595315b378e053d6d777c64e54a7bc1dfca1e51be0ea94d7a3746
backend/tests/real_model_oracle_test.py	15d1d65adb242d88eb5380f6071c2d54d7e291dd180a34e1611797bb899f975c
backend/tests/real_model_oracles.py	05739dae034dd32b8f02a34ae625d2f9a11314a8156f8881c429d5ea213339a8
backend/tests/real_model_relay.py	406f3c54a382156e6de5d714506f6e51bb965f21c4ecaaa1a7a38c83eb981f1f
backend/tests/real_model_relay_body.py	07bd63c4d930c7ca6c942cf416a26c994bc6b841aed06e0f7be7d880a5445923
backend/tests/real_model_relay_body_test.py	6027f113ff70eea95c60a156656c7b6ae7b7fa49e9525470f82c7ab58091dcf2
backend/tests/real_model_relay_test.py	d9cd49aa832edf9dd286fd77fbf9f1d0801af09475c61f68a3c63588500fcadf
backend/tests/real_model_report.py	d9df37d0f72e4891ceef7ee203b89c9cf0bab3a2895a842eb82fa221aaa57d2c
backend/tests/real_model_runner.py	3dc300a8b11f6abf21cc66fc9b8e9875d97c42479d14c1ce7e39d92cd9abfc51
backend/tests/test_adapters_cancellation.py	3442a0dbac480bde1cd54104e7cf31e2d4f435ddc386cfe4a5dd8285d98ee52e
backend/tests/test_adapters_contract.py	c04466f209abc3ec529a5c5316e4c838977adb3bb31f28fbd2531217ac7b37fe
backend/tests/test_adapters_integration.py	3c3104bcafb0aff80aec9c6376c7d272cb3e5543ed4562cc54309a819328bbc2
backend/tests/test_adapters_safety.py	114eebd34a7f1e603c0e762c874e0a1b7059251a376405afce90828ce1847ebd
backend/tests/test_chat_abort.py	a49fae0c19392334a5d670a242828a9c5a90410ce5944f677b777d301cdfd0fb
backend/tests/test_chat_abort_api.py	4d4d3c5b4033db5ce65ebdc3050986d40835f057e29845a42b71f32434d4f46c
backend/tests/test_chat_abort_real_api.py	27b5bb83585c4dc1409c244367aaf40445054b32258fa7f861a30d78da628d41
backend/tests/test_chat_api.py	173a50b601321b68564321ece22824a58b53c51764934d1edc0104a5f4b8781e
backend/tests/test_chat_graph.py	25c4cc7b2289aff33d2952e42a1884c3bc55b4d1f9412b4a1228c16952dafbc0
backend/tests/test_chat_integration.py	92a70af81e1bf8387efdef066634611af6c987fed5348b015450342d3c94c7c1
backend/tests/test_compare_api.py	7eeb4d6fcfe1564d348ec513b4460e6ba81e3f658152a82d88a68f2aa2acde91
backend/tests/test_compare_evidence.py	86f953493250c1b5d89da676bffd60f421f5a225284dae015ec145b5e27b76e7
backend/tests/test_compare_graph.py	a4a6c28a0937b24f574010f9c185acda9e7133cd19a6f964bed5653334a9cfb8
backend/tests/test_compare_locale.py	e304928c4ff102963024360398ff7d76a070188130eec9afc883488b4f2f5332
backend/tests/test_compare_locale_revision.py	2a80a8bd79e7cfa8b70d04e3463bb5df90228118e3bde7eececc230e5b991e1c
backend/tests/test_compare_mongodb_integration.py	c28318fb2650ecdb23ff1376aaaad7f08af68ff9208015ebe31768203698c07d
backend/tests/test_compare_reads.py	273141c5402292540d9ac30df2d99f214946ce33f7d7dca1662e39dff07f0764
backend/tests/test_compare_safety_integration.py	57ada2d2caaaa97daaeec7522e7bf6590d3cbdf042bea86ac0357514f700c1c4
backend/tests/test_connection_config_repr.py	085e83f7e01ad5742e0f71a622dc42d30014fae15e3968492aeface8d1464d9b
backend/tests/test_context_cancel.py	ecaac0c8a88d7e43f72a7abf2952705f9cb257b6e60526f7ac1aaccae29293d5
backend/tests/test_context_compress.py	8e4b1a280c083ef4ad86a22f6a75fcf82c0de1474e2aa2f4bf1643920a7a3f5c
backend/tests/test_core_auth.py	cbe9cc2b750529ce9fbf4da221578bbc03d26b5adcd2be1774345af153684c48
backend/tests/test_core_contracts.py	6743d531acd05e39842b41f11177e7418b3838968a00b7c8e2659b13d5517dc0
backend/tests/test_db_config.py	621a6ef8744c0039a3f40086701a2edfee28143cd07b0ad2831d15a1d5ef32e9
backend/tests/test_db_config_partial.py	a50f16a9e5d89887cdaf03574a4600dae05d178a53c5cb71fa0f35c6dbb5ebd0
backend/tests/test_dsml.py	ff7674dfe3d6a647bd04f80e08d7c6a4c62e8926b2c402990546cbb23a1a1044
backend/tests/test_dsml_http.py	60dcc91e4dc41368feb4d0cfee30e7d4ed843b208cb91cff32fb6049d006b779
backend/tests/test_dsml_revision.py	f2ced536e26e96adf6b34854c02bd0123be16725d7b8b7c5b3c12b3ef01912d2
backend/tests/test_file_tools.py	945960c12adaaf9f31f0d145996857bd3c89c366cb4d40c8afbb1408d6affa64
backend/tests/test_file_upload.py	06f23933089a1834b920b941914e5610d8d5a275c7382311cdcde71d4e8fc245
backend/tests/test_file_upload_persistence.py	b3a52e41f8c122971165b70c686914e25c16fc1b8a76795bffded92a5156ac57
backend/tests/test_locale_concurrent_sse.py	074d613815905d36328d00f19e8e1358e71bf9bb339d0fcda807c2d15c75dc0e
backend/tests/test_mariadb_integration.py	bafae073bf8970bdd74b32709dca3114563a3f218438af8a963a7f9f9293d831
backend/tests/test_metadata_diagnostics.py	f64276a7dcec1a5fefc90c77ef8ef3941d84cd287a6b91a985eae544eb80583a
backend/tests/test_model_config.py	fd7ca81c7224380fcf75f39a49060d06f0516ea619e6b456b572886af22782c5
backend/tests/test_model_parameters.py	ce1c6b19c12a32aa96dc525268ba85b570b60c959a7977af12e31be372637ae6
backend/tests/test_model_protocol.py	b3215d86bda85b76b39fc5b73820425d92d2cac801bbcb08d29268946b82ad46
backend/tests/test_mongodb_adapter.py	30fdd90118124c80eb7d783497421a4b42caeec9fe9eb96a76e5c8ed5330b380
backend/tests/test_mongodb_config.py	4ffff206cd58c92683c1f49df94b0b9652e6e27f4b10cc3aa6821f09194ef9d9
backend/tests/test_mongodb_credentials.py	f0587d030294e213bf3fa7da890c3b856336b1fec3c5eb0deaa206069a22b38c
backend/tests/test_mongodb_diagnostics.py	704b616ddf62f8845ee6a5a5b424d49a41d45c3863a5674a4844738dfc3626b5
backend/tests/test_mongodb_document.py	39eed204aafcf89bfa6e7041b168c4c02f1c4e37b1cada84ed7c2627e9670a1d
backend/tests/test_mongodb_integration.py	7d6b440cc80c160d4dbc2fc620d57d031854745f8696bc7e6895c4ee8194c5ee
backend/tests/test_mongodb_interruptions.py	100df0fd5249bbb0da49edbae799e33b8d9f0faf723c229d6d2e185b93bd928b
backend/tests/test_mongodb_metadata.py	673d5a541eb21830142f94e7fcffc62a18b46bc8a5c44d8669b88170224d4b25
backend/tests/test_mongodb_workflow.py	730b84291ebb1d3140b55a2b5d1ea13d4bb27b7705eed29a1154f7b77bffdf11
backend/tests/test_mongodb_workflow_integration.py	111e3460ef57222b896f0c26e592c1b430f1f6cb1c1bee325a2906505d0663fb
backend/tests/test_mysql_family.py	b76ce1597b39a871d65d001c1b429e1678d659a91b7c1adf45c578fd15475148
backend/tests/test_mysql_family_metadata_errors.py	f88b463ee3d7f67245fb1823acf3d33c37505676b1fe8e78a9d6430f623fe1b0
backend/tests/test_mysql_family_outcomes.py	88e6f662baa3b7c2de17efd930a8da7f3d81b60b6578c03de4f113bb471e4a06
backend/tests/test_mysql_family_workflow.py	8256e3ddb72481ee6cff50351110a4137bdca3d90a04e1ac4586a37dc125e9b8
backend/tests/test_native_adapters_limits.py	54f0834a621a8726f1d148f28d9ba9b633b95e236ae452e933da07c9ff655329
backend/tests/test_native_adapters_protocol.py	b17f645ba76757b401a50fd24e91060d54338aa32fd267720d933ebc8e8b3747
backend/tests/test_native_adapters_safety.py	b85e49e82638b45fdc0d33cfedf3233d9a093f0cd5362abbaff40eccc867e951
backend/tests/test_native_adapters_sessions.py	425c4d3dec94cce2936f6d7fbad582feb4045b07b57d4cd04477631adb4433ef
backend/tests/test_native_api_real.py	4b3dc8bb1104b5250a89c9eb723561696c481bb507f20a8161f5af4fa9e47e0d
backend/tests/test_native_reads.py	cdc036814a9b4d645ab3f3a82ff2c6e650c8010684ceaecff5dc360897c5c80e
backend/tests/test_native_workflow_bridge.py	dc575921f647f63722ef45ebb38005ef56b382bde0d9c51bd65f8d8420f30141
backend/tests/test_native_workflow_real.py	7e0f9ef4ed9e47047f54edcf848df31e16b54ad03c3f166b3c98ed64270991ae
backend/tests/test_ocr_boundaries.py	cade15e49365f8ef349a525e18d3f51861aaba2d2a403ecef0966f9b440955c4
backend/tests/test_oracle_metadata.py	1f58d2cc81290fe4544cd46ef27c676d28fed885d545c4dfd306ab78cb02b774
backend/tests/test_oracle_read_catalog.py	b4791d3814f4c43e2991ffc7a1c10e72da92cfab8466533845519835b8c9ba83
backend/tests/test_oracle_real.py	820556b0951141b22895e0eb6f5cafcb1c05807186cd345ba88af64373879232
backend/tests/test_oracle_sequences_real.py	011fe5191fcee6a4fbab8df65972b1616be795475fef34e54960f068e4aad2d3
backend/tests/test_oracle_service_bridge.py	eee842c18706cc1661c4b92630d287c45695f7cda721e40e72fc0b4472e7d3f2
backend/tests/test_output_guard_contract.py	538ae502f680b753ddb296e415831ff6f0332fbdb6fa6cdf9b0ad2d757377e4a
backend/tests/test_pg_read_cursors.py	2d737c0ae94b8273a27950e116acb9904ae608c8e61be00ac06a4b78e73bb494
backend/tests/test_product_locale.py	defa0cfc6746f6dd0a5243b9b825e5f535d00e56f4a239ba4edcc0af79ead36a
backend/tests/test_prompts.py	b82fc4fd6b722e14cb27b8bce78e8258457432ce4c682643ebeb9e912fb12afd
backend/tests/test_queue_locale.py	43997cea05d6ba36427aeb1a9af8e86694bbae8a7c6053cf78d0dca281a20518
backend/tests/test_runtime_governance.py	b223ffc29ef9fee061317a97334fcd9d991eebf9f714006a2edd49f2584c2d90
backend/tests/test_schema_diff.py	e857ff22f25eedb98bf0f3c783ff25533a9f492910f6d63d40a33897f0d8c354
backend/tests/test_schema_diff_integration.py	f0bb85ecc78a007d4a38e69fdd4402676cb8c7e20e968d59f9dadd83137758a3
backend/tests/test_sql_error_boundary.py	bb504e8f00723be9a191c80f7d546b72fd03ca25777e8d985a8ac84e129920a1
backend/tests/test_sql_repair.py	3503c7e91235a33b3b49eeaa6ba9539856bbda06f93e23792031d716e7caa488
backend/tests/test_sql_termination.py	86ac5df03538dc93659d9a242ca12d6ae0896f318f22e0de4cbba95660ec725f
backend/tests/test_sqlserver_real.py	94b5c0610c91ff6b9cd9feaa455b58fe4d09b0e618394f6eeec4955a6958d704
backend/tests/test_trial.py	3b14be1b3dd734558a4b73b1a6af31e4ba183ceed525d26cba60f747f9e8846d
backend/tests/test_trial_api_matrix.py	51f48d9974f7585ce89d94c174b2a60fe15a2b5ce4a1fdf843cf0d289e6861a5
backend/tests/test_trial_graph_targets.py	381c652ed6de339aa607fff4cd97c6714513f2825f117b8b0db95dfa5c48c33b
backend/tests/test_trial_targets.py	7366ad07dfe9ad44a147224df902674fdf4da74f6e3bad309f7fcd2e634e737f
backend/tests/test_workflow_corrections.py	1c63580819aed72bcd5f78132642cf99e1e0f112d3f9b1f6ab8102dd2dffe8ad
backend/tests/test_workflow_evidence.py	837f63b9f8d611150334990ddde4360dd0eb5bf62d7bdd4459063fdf910e0351
backend/tests/test_workflow_graph.py	3b8165427c497d5a2c118ce7a99e633f0876a53b570dccd7b7a5f94746269f90
backend/tests/test_workflow_identifiers.py	042e90354d97b1e9be9d93531f49a536bd62ebeccb1e08dfa6f1f0a82b78aaec
backend/tests/test_workflow_integration.py	97579c4867df5d1d682ada8b4599b556e25897903455adf603ca6d37863cd5a5
backend/tests/test_workflow_large_import.py	3b351d6eba3fc722a1724ccb571477b8028b84d44d940f72265d828e7e68a512
backend/tests/test_workflow_sql_repair.py	13cbae26d959af713d548ed126c9878236c0ba58a4e36c9c8907cff0bb3c9429
backend/tests/test_workflow_text.py	a826f118db3d9237350b24c0f6b36c23eba82af55f83f389bff42dad49d04f35
backend/uv.lock	ab52d6c35597c4b8c302016b2dc1f73c83d97f483a79afda389dfef462b18dcc
docs/phase-00-baseline/README.md	25a67aa6825654c835bcaf0476549297d60bfa9392108952fd2ddb5e4c464a5a
docs/phase-01-foundation/system-contracts.md	cd39e7d81c9a5f8f569cb9e24002943ed6359f4db35674255238e444568c79ea
docs/phase-01-frontend/README.md	f9b6eaec73e704ab03772ed938ebba0ae72d694117bc03f66c02eacff919e0e4
docs/phase-03-model-config/implementation.md	8dd0f4e532f0851604b4d8076ec40e228fd41d8d881762d4a96422b6ad596d8a
docs/phase-03-model-flash/README.md	036085a3eae4d74b946f7d70bd01180e6688f4ac8317841bef6c0808711fedaf
docs/phase-04-first-databases/README.md	c8016bd850c8369cd2c0980b7a744d18cce1a46b1eff587b4ea2f0f1f522fc1a
docs/phase-05-background-verification/README.md	217256669f080b51c774cf1736ab549f38735c7f83742276756ef2ae8f28475c
docs/phase-05-partial-metadata-fix/README.md	20cf914de9cc54919943c89759c4f7fffa50e040999fd957f97bd8c138c22455
docs/phase-05-partial-metadata-fix/checks.json	87fbe81d0d591276afe3e9fa74bc90972480fc824a7dc7c9e44157a2f2952ae4
docs/phase-05-partial-metadata-fix/freeze.json	9cbd035e5f82a86a9cdc9c889d877ee3deeeebfe4ca3f3ca34189e069e6c0fdc
docs/phase-05-partial-metadata-fix/main-checks.txt	ab62b4cbadf6e0536efd0902992abe8b87aecb15e7826c1f0b628cabd266c4a8
docs/phase-05-partial-metadata-fix/main-review.md	40f97fb782d556ac624603b38410f1cd8a85b065e125ddb89a3346bcf8d969ed
docs/phase-05-pg-read-cursors/README.md	15840bb5bf60e733d73119187409c4d14dfe3d54c9626f63ad7883d83e82ccb3
docs/phase-05-pg-read-cursors/files.tsv	9196ae344c205906c2cdabd2d9fc427cf7d1a3cfa6b61c6a99bbacaa365ba597
docs/phase-05-pg-read-cursors/main-checks.txt	19594cf757d4cf71dd99fc159a6affb29838440acb89443c57da3854fd2fe84c
docs/phase-05-pg-read-cursors/main-review.md	85a3e90b8522e2411993b7f7829ec4950cbfa094d05a69f2ba1e17239d0bce06
docs/phase-05-pg-read-cursors/mypy.txt	b53a8850538df2d0a027862ba159e61e4e1d6e1bed4c84456c9af44b405ee56d
docs/phase-05-pg-read-cursors/preserved.tsv	d04ac1f52be094abea40621b2bc1823d4980771e79d918d447c4efbf5a3be4cf
docs/phase-05-pg-read-cursors/pytest.txt	9c6546ea37f817d5b2341fa0210d24e5f7ec2df00fbb890519ca873a3e74abe2
docs/phase-05-pg-read-cursors/ruff.txt	a4443afdcfb6d7363adb285762515ccf7cf50473b1a05c20c1a50f6bed4d26b0
docs/phase-05-pg-read-cursors/run-checks.ps1	ff193c474003a19fa07a95134c0d85db9c119e9b9dd579a1767ac3757d77a169
docs/phase-06-model-parameters/README.md	8e5038b52326940fbe06a272883f9d88d9a4ce5d28c4499e0415ec2fcab9d876
docs/phase-06-model-parameters/files.tsv	b48e45a8f8abfc346cd46a9489cf9302287d8a9afc3a4441c7369970311ff1a5
docs/phase-06-model-parameters/main-mypy.txt	cc38e4fc47772ad940dc87c85d49e2bf3c30fa502f4836102c10b21ca3a62954
docs/phase-06-model-parameters/main-provider-smoke.json	32f8adbd7061519218b7e1c8213b8bcc0d2bb96818516e14910b36bb63a5a581
docs/phase-06-model-parameters/main-pytest.txt	a31bd982d6028dd210aea99944292383210f25b827cc28fc27c8d936381dfac4
docs/phase-06-model-parameters/main-review.md	1f4c0ee5f5d115aa7f357b40358b00226979c3fd268682fd4b76de4565700f18
docs/phase-06-model-parameters/main-ruff.txt	a4443afdcfb6d7363adb285762515ccf7cf50473b1a05c20c1a50f6bed4d26b0
docs/phase-06-model-parameters/mypy.txt	cc38e4fc47772ad940dc87c85d49e2bf3c30fa502f4836102c10b21ca3a62954
docs/phase-06-model-parameters/pytest.txt	e8b6b96b80ee437463e6efa4faaf311d03413c4744de3c7c5dd06053f49d513d
docs/phase-06-model-parameters/ruff.txt	a4443afdcfb6d7363adb285762515ccf7cf50473b1a05c20c1a50f6bed4d26b0
docs/phase-06-model-parameters/run-checks.ps1	19daf4a9cf3b33a4a13f180d947ed6dfeef485cbedbe1524d0de662296c0a7cb
docs/phase-06-model-protocol/README.md	e19785af5e6976cde7e1beba2bcd9a27fc28fe665f4344f39b6bf8c8c598bf59
docs/phase-07-core-chat/README.md	3a0fdd1e5bf5285a4550c07e4602aae0591fdd31c4bf9390ab479a236d68dc21
docs/phase-07-frontend/browser-e2e.md	1c70b31ec592e9dfaeb9dffc2de730f822b8f708aca593077fb9af2e16fead56
docs/phase-07-frontend/chat-contract.md	459db86bd83d529c4db986b3f0256c461d5d35a70049b5660061c2b3aa66c766
docs/phase-08-chat-abort/README.md	eed979ada8a88576d467793a1cdfdb5ca4cda333bb9a16cc7221a4fe3297e56a
docs/phase-08-driver-cancel/README.md	5ca7b8f4b0b56604d9eca4619199802480a60071d5e40dbe10e4738ebab133d2
docs/phase-09-acceptance/README.md	dfac86cd0a50c76642e8f9e3091d53673ed56bd8df8240e8f0052eb686f65596
docs/phase-09-acceptance/checks.txt	1e5024f70cd26ed6073e3b1387d41ac7f788afaaa4357400a1370e6cf4252f79
docs/phase-09-acceptance/files.tsv	ade3a906e6e74b88cd79c266c44e6af4bcfae4cca01e63e74fc8fa0bec48de54
docs/phase-09-acceptance/main-review.md	9e0cb1ba474c98bbb8a03962177f45dc9d9bf18958468c8b50265d0bf08d4098
docs/phase-09-config-repr/README.md	050e36a1540f319a53287fd9d597aefd44abb4b1094e5278d80750f6c858cda7
docs/phase-09-config-repr/freeze.json	877441c5249bcfbce1eec4c67f34ac70abacfc8604d10f60bbce5c558365a879
docs/phase-09-config-repr/main-checks.txt	0facead997cee63c25f7fc05800449ae30507e0f20d36564dff2ec77f7216726
docs/phase-09-config-repr/main-review.md	cd6414b7d0e78e67d401b43d38da162e7f61287c55055d57487cf778252775f3
docs/phase-09-config-repr/preserved.tsv	5f0192f3a893da5995e6fc26250d5407ce4bd8deb045669eedbe9060a2a58d97
docs/phase-09-context/README.md	c47b45ca20c8c96a06d2dc2fe0f71ac1fb770015ec02c905a20ace1ac62558d7
docs/phase-09-frontend/README.md	b036e7a5063b3c14bc8e8f73219ae9a19c33d94272876d4201865dbfaf742920
docs/phase-09-prompts/提示词资源与加载.md	81c199d47b5d3011114db1765e2a13d95b97f36f946acfdb9c47574b9e7eb85b
docs/phase-09-runtime/README.md	dd2dee5a2e82c888728c35f4a6e24e2c3f61fc036f186896b6118b26f74d0cb2
docs/phase-09-sql-repair/README.md	c5bec9f0b4b2a72fcc56d83ff49f2e259d0465687f6c2ae2fdb58f9e7a6defb9
docs/phase-09-sql-repair/files.tsv	496fee78b3c4873447eae53842e42821a757f2cbd9abe229f5dfef9bc9f58402
docs/phase-09-sql-repair/main-review.md	72bbec0978caa619418ce0b4ed7bd55d3a0b263e68f70976aaacff97f67dc79e
docs/phase-09-sql-repair/pytest.txt	3905f6b3e23e97dd512f369bd7b3e7b48d7c5467c33672597e0f5b30a87ea4aa
docs/phase-10-file-workflow/README.md	5b9ccc03c07d6554c65e7199582a280d51e3ca3dd46d4c9a9e7503dc29193dec
docs/phase-10-file-workflow/files.tsv	f4faa47d61cdc050fa0cb09672a16679053646b9270218f687dda9d88ca4b08a
docs/phase-10-file-workflow/frontend-build.txt	ea57e2ea94aa408e52978e9ad184621b4bf2739300dd323574982ff1a6f4efab
docs/phase-10-file-workflow/frontend-install.txt	9591fd95208c60943ecbb5653a28e739d520fc8a21bd2f699cb071ed65871e67
docs/phase-10-file-workflow/frontend-upload.txt	e68851fae978d95a3581ede8780a83b1d0005eefeeb35b0d9effe5265427e9b7
docs/phase-10-file-workflow/main-mypy.txt	cc38e4fc47772ad940dc87c85d49e2bf3c30fa502f4836102c10b21ca3a62954
docs/phase-10-file-workflow/main-pytest.txt	a48992b2bcf0d0337c38e64903921b88b94e92eeeda79efb7399051d30d98569
docs/phase-10-file-workflow/main-review.md	dbaac17031aea161fb413cf1b30c24726e40c657c306ea2c50a3c8d780e66e11
docs/phase-10-file-workflow/main-ruff.txt	a4443afdcfb6d7363adb285762515ccf7cf50473b1a05c20c1a50f6bed4d26b0
docs/phase-10-file-workflow/mypy.txt	cc38e4fc47772ad940dc87c85d49e2bf3c30fa502f4836102c10b21ca3a62954
docs/phase-10-file-workflow/pytest.txt	cac4ba94f138663059517c8139ab5cf3d78ad4eaffde6c4857d80199a0a7101f
docs/phase-10-file-workflow/ruff.txt	a4443afdcfb6d7363adb285762515ccf7cf50473b1a05c20c1a50f6bed4d26b0
docs/phase-10-file-workflow/run-backend-checks.ps1	defdeaa37fe07d957bec17612faa3701a15a6fb7ab7c3f8e8b56a4fa6b0344cc
docs/phase-11-comparison-revision/README.md	3b42075465982cfee38ff69312a57ea82e4abe9f9f01cecb1ca5201abf3383bc
docs/phase-11-comparison-revision/files.tsv	9136ba8ad13e9910b3364d510bec93ddab60f40932282f2e487fc4295f7557b4
docs/phase-11-comparison-revision/guard.tsv	1fa41a0c824728f038cc0708eee06f29187e9d96dae31b02efb5a7a9abf19e42
docs/phase-11-comparison-revision/main-checks.txt	ee628507954404f8c211917e336290cfb8b95aa75ac769ba725c5e1555491283
docs/phase-11-comparison/README.md	b707747e2c370d873a07fba19e69d6aa040a03d272a240cea19bc4449878889e
docs/phase-11-comparison/files.tsv	803d894f44b6a4f73efaa209744b3e97292cf457e5169e1c59ff1ba61749546f
docs/phase-11-comparison/main-checks.txt	30c92faa5127b9eb5a6b3d1e2251a9849d681eb417d6bf8bd82ba2658094d142
docs/phase-11-comparison/main-review.md	47c66624716054b0e7b20540038525e53b61d7d406ebfe027678d6927e1ba590
docs/phase-11-comparison/mypy.txt	3f34ca3611e1a278b355483a3ce21a6855656e562840ec67626c224657569fef
docs/phase-11-comparison/preserved.tsv	e6b9adcf731c9f2348db4dd3b9f80d050b21c96ef018e3ffd7e18500b5d22242
docs/phase-11-comparison/pytest-initial.txt	8908c5877f300dafa9682bf9311052a8f33a426256a89e80aae806f4d5074483
docs/phase-11-comparison/pytest-repair.txt	93c2f7973bf7f71bb3f4449586df82614036a4276c25de9ad2888982b6700f7e
docs/phase-11-comparison/pytest.txt	2ffba3735ec97d9ec31a5208a0987b2697d6d8a9b0fb99bfbb01d30384bdd379
docs/phase-11-comparison/ruff.txt	a4443afdcfb6d7363adb285762515ccf7cf50473b1a05c20c1a50f6bed4d26b0
docs/phase-11-comparison/run-checks.ps1	0ac2d61a2a8a3b342b181d8d27cb5b79193ae021274186638d0a56a2e6426fba
docs/phase-12-mongodb/CHECKS.md	c4b68dd0479db8da8b4ab404197a5f93fe968910d6c97199aff1610d74191973
docs/phase-12-mongodb/INTERFACES.md	375870fc24c5f80c8ac8ceb021ad5d4a51add4b8e2af6664b472cb6e5ff17828
docs/phase-12-mongodb/OPERATIONS.md	8dc5abbbac34d1da4612ec3c4be9c0bb14d26b611b76eb92849ab6ec7efebd49
docs/phase-12-mongodb/README.md	bb940787dc73a1e752dc7fd2f1338754626fbd52121598b307e705de50c4b6f8
docs/phase-12-mongodb/compare-main-checks.txt	bea0eb7e19667a7f087d685905a4e4c72b31567c4f01fa1ca49c1afd727b6ca0
docs/phase-12-mongodb/compare-main-freeze.json	bb736acedbf812cccbc31c7391b851325689728d92f58aa6d580f7c4cfdbbe1d
docs/phase-12-mongodb/compare-main-real.json	6711c7d4ce7df5cc65fbffe9f3c4cdd882a8d2e9d44ceaefb1f6b5400f02aaa6
docs/phase-12-mongodb/compare-main-review.md	b2798c1f72adf81f3c2a7dae1a2651305dc6bbd55157b873f57f4c7a9ea61a64
docs/phase-12-mongodb/compare-revision-README.md	e8d042b897e7a4c3e6e1fb20f46f25c8a67edd2ba2c1ca192afb44c09e16b388
docs/phase-12-mongodb/compare-revision-freeze.json	7ccfce3ae14b17e073b92076bae6411b206a293ea3e36cfd7015d9c880959155
docs/phase-12-mongodb/create_freeze.py	cc734c62e14d227580cd4aa75f8787af97488afb2e31bed386866b122f059c92
docs/phase-12-mongodb/diagnostics-checks.json	49ca8b0463e93e131aa6f1f343f728b7c70ce0f380123f826099490833ebdf69
docs/phase-12-mongodb/evidence-reuse.json	f3ef1b32742bd57d983bd03235dea896697c8514385bcf076e6ff36cb6466836
docs/phase-12-mongodb/final-freeze.json	f7d2fd776d5d85066319ca473259889ebe92112102e8a75c852d4bed3b04b9a4
docs/phase-12-mongodb/main-checks.txt	469452884021bb6230d99f9293984e7ede53041683ae50bdfbfd3b0d26566919
docs/phase-12-mongodb/main-diagnostic-probe.json	642619e8bd59a9f47a91cf7482e15697ddd2720c768d3115d0ede5081cecc948
docs/phase-12-mongodb/main-review.md	1f2b92f99fcb4478d576014c2aa78fe936eab212acfef3a8e70e5a711a1df5b5
docs/phase-12-mongodb/public-diff.patch	0180c5f896409268957314fd6815923f9dc003d407eb9ce126173589aacf3517
docs/phase-12-mongodb/real-compare-mongo.json	3a37e4c8e35d23543d76afa291561b5c1a1f0c0af1e72156401bab40004f66a0
docs/phase-12-mongodb/real-mongo-integrated.json	499af13b714b1767cc01bff1376ee599a143f8ee7ae0661d2e7b92772564c4d9
docs/phase-12-mongodb/real-relational-bridge.json	673ad21400547894606b9ed0ac859b9fdf75f02f34ba76f7e49e454c21b5ae9b
docs/phase-12-mongodb/verify_compare_mongo.py	f474f45382832c2571e6b069d6574188c5e8298000179e33ea0470fd2ed90f28
docs/phase-12-mongodb/verify_real_mongo.py	07207e991638cad9f42ce9b85916350ceadc449bf052691f747bc3964db9d9e4
docs/phase-12-mongodb/verify_relational_bridge.py	439bfe2bdccbaaa12e680ac9d6a5d8db500703d08ba8227d1f1e8d2ace59aa05
docs/phase-12-mysql-family/OPERATIONS.md	61c0070518cc46abfd0137195639f4f7d62fad65a81a3dd61ebd84dd56005d5f
docs/phase-12-mysql-family/PARAMETERS.md	5919bb2131d167b37f1196340b62135fbe7cf05e29a9725443930bf662442105
docs/phase-12-mysql-family/README.md	33c1fc72ac5eff7e2c64797812e7b18c0271aa72931e31b2bed3075731d9db2a
docs/phase-12-mysql-family/adapter-checks-007a6ea.json	62b714b9340cbddd154819b77edcbee700c4b85992b3caa9a5d523638485cd2e
docs/phase-12-mysql-family/checks.json	08c91dbd938a892e7eb933242ee006fc18371a4b94ad5f6828ace012452b8801
docs/phase-12-mysql-family/freeze.json	f3573c36977adb8567f352a3c035eecd4bcf0954b5e805686e8e8e770ba83147
docs/phase-12-mysql-family/main-checks-integration.txt	b260e2511b82393a9d7543e2cfa7b4541c5f9ce6170e208e7aa7096349265dd1
docs/phase-12-mysql-family/main-checks-prior.txt	a309cee772140cd6a6fd9e3f8fbc27267bda6592839030dadf640adc1a402779
docs/phase-12-mysql-family/main-review.md	61fbb9e396dddbeec0ce1db7db7e7ad5a4576857a286a0a116bf8a5d289d0103
docs/phase-12-mysql-family/real-mariadb-self-check.json	ec017dea3bf203738e07e3ab61411e3f92f9702ed4dace6ff505f72407325b47
docs/phase-12-native-adapters/README.md	c4503287197f9d5468c13b53bb9bf1b943cb4775742e8d556b60cb907dca5bb3
docs/phase-12-native-adapters/final-bridge.log	4c23ff55a5003195ea584012c6861aa66b60b776f27273e78ed72092f61e6111
docs/phase-12-native-adapters/final-native-s13-revision.log	ffac6712d9654d44edc3ccb4f60ee66334083ed042b87fbfecad70e2ec844196
docs/phase-12-native-adapters/final-native-s13-root-01.log	16561b6823cbd4bd25185b6a1b570664b2639572327c765e62621becda65f441
docs/phase-12-native-adapters/final-native-s13.log	0c154c8261a245d01d58ae034e527203e15e3d1d400b63a3ed084f8b5c89b625
docs/phase-12-native-adapters/main-checks.json	7ef37f35a81227936c87239b6dac27ed1fd965070a0b70fb971147ec54f569e0
docs/phase-12-native-adapters/main-public-bridges.diff	a588c11a5e02d858dd6b10e711cc827f7328ce894353a96143e87f1d2128c956
docs/phase-12-native-adapters/main-review.md	a397277658224f416507fd5155856154f6b54cea2fbbc4c2522ac9b6ebf23f31
docs/phase-12-native-adapters/main-scope-review.json	c7a8ce1d816c27657df55a43e9e4952c3f3f3c99d907b6cb951c643523831b9d
docs/phase-12-native-adapters/mypy-owned-strict-root-01.log	99774ae94d9c061d2ee8a3c00a79bb1c6dfd2b0998f7cb389be50e19a0dc7d15
docs/phase-12-native-adapters/mypy-root-01.log	e1933d29513c905ba6bf6828838a39f7d132a341e1fb63954bb71e0b3341fcff
docs/phase-12-native-adapters/mypy-strict-root-01.log	281db19a82747e4bbacd41ba80ced30b67aa5e1d7fe237e249b441c6364d0d6f
docs/phase-12-native-adapters/mypy.log	e1933d29513c905ba6bf6828838a39f7d132a341e1fb63954bb71e0b3341fcff
docs/phase-12-native-adapters/native-additions.log	f9dbe9dd4217f0af464af0dd327cd953e83e1cac7a4b65040b52217264be0694
docs/phase-12-native-adapters/native-api-real-revision.log	b659a9a8a74d4c4d43169be8685eb8204377b7c2378f87242e62c08380d614cb
docs/phase-12-native-adapters/native-api-real.log	4c949436b855cf4d860109fd346dcf92ce9fccf2ce6d4ad7b5b6208488db7dd1
docs/phase-12-native-adapters/native-current-real.log	44970c2c14246ba9fb4cdaa2aeb90967d1773659fff96fc60a4845baad32c144
docs/phase-12-native-adapters/native-protocol.log	8a0ad75c2f6d8ccd2e62b94664e86e1b41665f0791411e0a2c03b501bf4a2154
docs/phase-12-native-adapters/oracle-boundary-and-quoted-revision.log	0f1a36c110f69da0402229f1c800d4a7c27ab8bae6b6c9dd395d6cbece62e42a
docs/phase-12-native-adapters/oracle-cancel-probe.log	7ffc6559d38fe4f93a9f3c23bb2fa0c45a84104f14b78d3382e45eaf2339de90
docs/phase-12-native-adapters/oracle-catalog-expanded.log	7ca0abf67b86802555bc99a311819a534d9f26072bd679bc24ac01604c701112
docs/phase-12-native-adapters/oracle-catalog-final.log	2100a190ec9ce67f1cd24fb80a4b5ff2945c85946b9936dc0c4b0a8a80a76a4d
docs/phase-12-native-adapters/oracle-read-cancel.log	1d3b932a510f54e645099057e4c12ebb1e12e3d2b0509f4372b9bd7bfb1e3157
docs/phase-12-native-adapters/oracle-real-revision.log	77b2b621da516d7127e581c419001dad66094fc1b20819b0ab32f7e380e7a7c7
docs/phase-12-native-adapters/oracle-real.log	f3d97ceb254464f2de0899f8711334dbd86c1a1cfa7a9cc60c3b0e96239952cb
docs/phase-12-native-adapters/oracle-sequence-probe.json	f7f938dc77fc95defe541013c76339049b92a2af23ba72e86ded1a4f4c70b350
docs/phase-12-native-adapters/oracle-types-and-workflow.log	491fd35a915fa63b68c828cb4b3952da4c7295b89e336992e84da8c67515d1a1
docs/phase-12-native-adapters/probe-oracle-sequence.py	1bd7d269d23a6f31e8971f5d1a0090d3119c24e436019694e29681136c4fbccc
docs/phase-12-native-adapters/ruff-root-01.log	a4443afdcfb6d7363adb285762515ccf7cf50473b1a05c20c1a50f6bed4d26b0
docs/phase-12-native-adapters/ruff.log	a4443afdcfb6d7363adb285762515ccf7cf50473b1a05c20c1a50f6bed4d26b0
docs/phase-12-native-adapters/run-checks.py	f99b2c03e1e6f6491504aa7c9349acec7f73d2cec4ab59a1c7e5d8855b81e33e
docs/phase-12-native-adapters/run-final-gate.py	0f9d3bf905358e9ce3f72873111fcec676de91f703c926dad1d5fa1495c0a20f
docs/phase-12-native-adapters/run-revision-gate.py	bb7d744b44f0210e41952b35e0cd58a11fe73f3424f86f2f5231b5f862f5b592
docs/phase-12-native-adapters/source-BASE.txt	5fa0739cb3b7eccf872a89de11db2b8b37185ae8120c65e86fa82d2dd6d3f05a
docs/phase-12-native-adapters/source-baseline-files.json	bf5627d88a9b39d709ab24199adf32cbb05e40ba0007776c7e62148426ba9c31
docs/phase-12-native-adapters/source-files.tsv	f2b4f7a88454d576f1904287be25910bc2edd25e58ee7b9c84cc0f727fe297bf
docs/phase-12-native-adapters/source-freeze.json	d76aab499ffa0c539a4e130a338e8bc1575eaf8825dfd87dcf1b7484c515885d
docs/phase-12-native-adapters/source-owned-paths.json	9a3e2764b0a89fdc46d68d9ca0dc49c94a684dba13c45dee33549cbe26c04ef4
docs/phase-12-native-adapters/source-preserved.tsv	7b2fb7ce7e323541ae4b5d3778129800312cfbc3387d2d1ff2d79c97b2a69e20
docs/phase-12-native-adapters/source-public-bridges.diff	4d235cd967b1671979f495610e5566647cd65b55c2ef0164f0544f63a0fe1076
docs/phase-12-native-adapters/sqlserver-real.log	791c44ccf7eba2ecd584fdd92c6fa59445836fb6e835073d5e3eba4347ec0e39
docs/phase-12-native-adapters/sqlserver-workflow-real.log	c157a4e22b7e10739585cbfcaedcb57e41c481e728a6d212844cbbe175bce923
docs/phase-13-backend-product/README.md	199153bd716c5fc8de7b677ac80c99afcc05ce9cc6cb47fc54bacac4f3c70592
docs/phase-13-backend-product/checks.json	4874ebe7bce46565f2eff55dd98f138613a9120e4d0d2cc32c34e52044bf7a54
docs/phase-13-backend-product/final-freeze.json	731b1a6a8b1f3d01f0c15649eca9e98d54629c34b7f004cc6abb665a3b846bac
docs/phase-13-backend-product/guards.json	d05f32ab5562bf1291aae2579b4a70b7701dac45d058752aa3a37ebb7c780cf2
docs/phase-13-backend-product/main-additional-checks.txt	cf6e9287d879320e195376e6e5926f6e376527ca385e402d34a304f931a5cf0d
docs/phase-13-backend-product/main-checks.json	e87be6bef230be5fe402f3194cbd0c8d40e0d0cb0f786dee105dfb76fbc9d6db
docs/phase-13-backend-product/main-checks.txt	1be60fdef3048afd2a4799c2051a9b6742b7b6e658878171e612b11fc5c8a90c
docs/phase-13-backend-product/main-real-checks.txt	6db4b470132ceaebf4256b1e3cb0d820981d13761ff3286c0b235d27a32de30c
docs/phase-13-backend-product/main-real-trial-targets.json	b9863ab3380a9115911b799e95db7a012b8fd0762aa8332667ffcd5e3e1080cb
docs/phase-13-backend-product/main-review.md	c85a762bbaa8812bde1a3a42c29b7e1b54dacb7887ea41b10b9eb03e30aa0a2d
docs/phase-13-backend-product/main-scope-review.json	683266c82afff7c8c7c0bdbd05e71864040fefe23ab11872aa570e3f2fdb4d28
docs/phase-13-backend-product/preparation-checks.json	707e84e99904faa78e05f1b1f40c78d82e0a01bcb69400008ad5620b3316ce0f
docs/phase-13-backend-product/public-diff.patch	11dc5628c5bf664099a350070ecd279734ece6708719d5310ae2bdc5b5ea0c80
docs/phase-13-backend-product/real-trial-targets-preparation.json	9f20dcc3010e8bc89043eddec292186b729d2b528f060f6cf8762b1f0f68d5b3
docs/phase-13-backend-product/real-trial-targets.json	4be8c310730d3342fe5b25fb11fc15d7987064f39e743ac54e469a2cac6db631
docs/phase-13-backend-product/refresh-proof.json	3aee453dd1bbb6ce2f30b3fc683ff055769c896b8109abe2c57461743ea5fe6c
docs/phase-13-backend-product/requirements.md	49ab33566bc6581d11e517b7cf123279f2809c20a5fb090d31629a0c43cfe300
docs/phase-13-backend-product/verify_checks.py	f773732c2fc10a576413b846adade4207f8771ce57a6e4ac5c2865db40f80fbd
docs/phase-13-backend-product/verify_real_targets.py	d77eba5cddb413d0465aa554637d3d52d0d0766cc8d3281f76a922a3492837ec
docs/phase-13-db-config-ui/README.md	4aa3cc37248ca5779966aff7666ff902c6d7d59f0b57353ebd0147642110e7ef
docs/phase-13-db-config-ui/freeze.json	7615421da960cb6990edeee6b46e9b929a972af0935d7b00920509ef3ab5ef34
docs/phase-13-db-config-ui/main-browser.txt	9ca7e39ada25596d1e44e5be3a64a5c34762b3df1d6d8241025b223a171739e7
docs/phase-13-db-config-ui/main-build.txt	91a8752010ff61fe0c147f4905a73568e86fdb4c2dd46e47ce3270bf6beb673c
docs/phase-13-db-config-ui/main-review.json	f3bbe0f72a0525e56ca99c716a5e7a6e11b8ebfe2af17b99dbed07b1f4d5f713
docs/phase-13-db-config-ui/main-review.md	76e5d8da139e6eeea7962a0c7ae17bc92d800b1c68403d8e63d0590a4bb42241
docs/phase-13-db-config-ui/main-typecheck.txt	e4bfbbdeb60249ed62c24441f53bcc909161b576e27e323f5bee5d3727bd7770
docs/phase-13-frontend-stop/README.md	08133332ad1944ef23c11876fcd09074c7fe1b4c178b192af8d60c1758256376
docs/phase-13-frontend-stop/main-checks.txt	c72c17602fe7162f620402432d3de85c7f8c56b6d7752e35131619860a7603e0
docs/phase-13-frontend-stop/main-freeze.json	2373d48199219ff032d1840b9f48fa58c967941b73dd81483c246446a66d2cf0
docs/phase-13-frontend-stop/main-infrastructure-checks.txt	99140c1ce2141699f8effc2a677aec0cd49a753a0be6ab6ce9ffa550ac4dfb40
docs/phase-13-frontend-stop/main-review.md	7cfda205b848bf73e83a6be3e080446549e95a84b77200ebab7cac49539f54a6
docs/phase-15-acceptance/需求验收追踪.md	49a4f65b6b93b5352cc50b15fa87284ca1022bf110313ebe1ed41a7f84f046f7
docs/phase-15-real-model/OPERATIONS.md	568e7edcab043792441e1d769266458a2728b08a2d8bf1de81aff71f91fb489e
docs/phase-15-real-model/PARAMETERS.md	ad5586e9e4731006f5fb00c53b095bdb5dc698edb62dcccf80dca9a8180fac75
docs/phase-15-real-model/README.md	c0f23b0a3ffd30e60499da2aacc40abdd33b013a18255ef41d1a43174b0bb0f0
docs/phase-15-real-model/calibration-20261001T033008991100Z.json	82a6709afdae67e5e02b2316a8ee0c2fb6b47041d61620d7cd2f548b4d16d194
docs/phase-15-real-model/calibration-20261001T040204978110Z.json	82a6709afdae67e5e02b2316a8ee0c2fb6b47041d61620d7cd2f548b4d16d194
docs/phase-15-real-model/helpers-freeze-20261001T035308684796Z.json	89cfd9d43981f7b1ecd90d293a0e96abf6b339ee4f9e4c1320c45a24f93ebe6b
docs/phase-15-real-model/helpers-freeze-20261001T035308684796Z.sha256	e4d06e76fc0564fefd8ac7f7f6f263276d117a708d388cbf43262d83840f4ffb
docs/phase-15-real-model/java-diagnostic-20261001T033044918326Z.json	25b1b63c049eea1e10dae1354fcc7683b0dfc7ca4ed311fc98ff55d45733b1da
docs/phase-15-real-model/java-diagnostic-20261001T033044918326Z.jsonl	e3a5146c836330d61ed091e051a0fb973ee4e22fe601aa206422825537e9ae4b
docs/phase-15-real-model/java-diagnostic-20261001T034051157421Z.json	2a44bac82e4f87770268a12ab28eca9e28a63a3f6386aadaa86502fc1aa5f479
docs/phase-15-real-model/java-diagnostic-20261001T034051157421Z.jsonl	d91626dc822a5bbf6a12accefd9169a19724a87efc3c289830561bf00b25eb1b
docs/phase-15-real-model/java-diagnostic-20261001T034653135813Z.json	0321e5c733cb0703666cd4dc5c8013eda9ab364748bf7657e9f342706dc57c27
docs/phase-15-real-model/java-diagnostic-20261001T034653135813Z.jsonl	4041ea66fc17c5444e30f70b07db4bd0b5b6c09e8f4754b0398e83627e9fd529
docs/phase-15-real-model/main-review.md	a3f8ef311755382abbf9f1ed8c20d93280581b6ff2f7bd3558fc18b04ea84acb
docs/phase-c09-metadata-diagnostics/README.md	6bf987ec1c969a8a5725a7e54558cd8cab9d5c09f940126f13eab0c8af243f94
docs/phase-c09-metadata-diagnostics/checks.json	6ac4e59097ba40a157ecda446745c4ddf3049bb3bd05c8408e6221c4d36eed48
docs/phase-c09-metadata-diagnostics/final-freeze.json	b24245f7a1cc4006598b32a44f96e2d58c0af64eba7bd1f6ccbe63d4d8a3d9e0
docs/phase-c09-metadata-diagnostics/main-checks.txt	6ee83d014ef7e52d7dc9cc7f25d325279bf25d740f6ae40b05871c23cedcb1e6
docs/phase-c09-metadata-diagnostics/main-real-metadata.json	81088b90afc75215b566443b700a0afd72b9fa09c6c80e27c103efcf8fb08787
docs/phase-c09-metadata-diagnostics/main-review.md	d5b058a49cf08c72a70a9a9cdb08c9c2c8f83703d8db6bf0b9ea48adf1013418
docs/phase-c09-metadata-diagnostics/main-scope-review.json	5c9065b169daa4af153ca138d426fe7b5d413192844af208ca455b813aa63bb2
docs/phase-c09-metadata-diagnostics/preserved-methods-final.json	0587dacf4fbd3a8805b991398ee5b3954c29a1b089587679b8fea81aaa91f095
docs/phase-c09-metadata-diagnostics/public-diff.patch	b05b74c1d1b53b2e58e81b489087e114e7c4bdcbdcbc3512421cddbb4f199ad6
docs/phase-c09-metadata-diagnostics/real-metadata.json	21ef7171a15e9eb2759c942a33b17c2b5c9fc05bbc1364db81d9fb13f1267856
docs/phase-c09-metadata-diagnostics/verify_real_metadata.py	d24a3f9b184871273964a3297a016fcbef988ef40db5f9a847888241038ae835
docs/执行状态.md	a2b34963c0bf930f82ed18ba27905112340db2870fd38134ae5df997843c7bb2
docs/验收发现与返工清单.md	b46591a2744f3fb6666347611d598c87a666bf6703bb7610df20726bbd937be9
frontend/.dockerignore	eeded8f72810077a29aed152072c86ae88efb1cda25d61440c04dc993c3c6c19
frontend/.env.example	9db35069a8624c2c6f808371b1a06e4e58da42beac09e14ed341de1dc97d8b88
frontend/.gitignore	d50ab07e11fa4bf3b1c7c3312e1d7baeab56cca756832ccf40476823ad2a38b7
frontend/Dockerfile	857fa67286d76ec6d024109f4600b4da6a3ebcfbd5b5739a2b555c81b5335ebc
frontend/README.md	a28a915cf9620d6e8443eed56883fda1ae0b17ff9d047fc410000bb56fcbd65c
frontend/auto-imports.d.ts	67cc8972b3c722fac41d3c09588ca6d2d32ee7dd2e271946130ff115671c3df0
frontend/backend-fix-context-loss.md	dddf5f3561f36e1a7d466e6cebfe2f269c6e25d310c5f26abaf0f42f822917f0
frontend/components.d.ts	2a827becc5caf070184e96c653540381d51755f393b3225bb517dd784161bac6
frontend/index.html	767a07df323acd4f00c02dbca4ebc00334afab8af817d6a4e978d6e4833966b7
frontend/nginx.conf	c00f48f50889b86d5297e2b4eaeb3dad6964cc7b639c14403dbb21693fb16d1c
frontend/package.json	e0a012fd9330f677b00ba94821a6259f75a1db25af2f97d85b46be553005b490
frontend/pnpm-lock.yaml	b0802398f7998fc842d9790eff57efe0fd82efe139a6b6aece6405f0d72c5513
frontend/pnpm-workspace.yaml	1ea384d6157533b8423eba763e50132001b6beed73101e05c15e23085347c8b4
frontend/public/favicon.svg	c9e0243c3cbefec4cb8bdf2241b9cbe608bfa07ebc40dae5f204bc9cbdce436e
frontend/public/icons.svg	7ca2d67c9c3aebf50cdc8709ee8aacf8cdb8cc7ea6325ea94939caef5da1c53d
frontend/public/landing/db-genius-ai-intent-recognition.jpg	ce5c3d0379fdac589efd1736424c2998a1aecfadc5db1526a5b1ae607f7960f0
frontend/public/landing/db-genius-ai-sql-query.jpg	d2594eef59682879883ebafce5135f4627c9e68357371d2601536c8fa6c64c19
frontend/public/landing/db-genius-database-compare.jpg	256438313370fe77056bf92a73c162c991adfb487f76be643b5e7c325d0e7146
frontend/public/landing/db-genius-database-config.jpg	4121054ba4965fb9aca5f1c8ce2ea0b079f6e8d9fd92d45a09b42bf19facce4e
frontend/public/landing/db-genius-og-image.jpg	ab6c2b75490aefd5f1cf6540e1a7ed90c4168f7b6a9f626b7fa20c181eb1c3db
frontend/public/landing/db-logos/apachedoris.svg	469f482fc0b89eca254c5b01343d386dd6f5e5b81d519caa734f2f06f9f7885f
frontend/public/landing/db-logos/mariadb.svg	477435746bb2024048c7b71529f615fb70d7e679618f37bac49f78fd07e67dfe
frontend/public/landing/db-logos/microsoftsqlserver.svg	a6c3517a8bce0273d95f51d530d3b28231a60fe27a6423b8cd5eb74484aad9be
frontend/public/landing/db-logos/mongodb.svg	6698757ee85997e8167b2eacaff8395d6987954185488f2e90b88ef387fec6c7
frontend/public/landing/db-logos/mysql.svg	67c144cc3e44ad14062a3f20ebe29c5e7eeb2c2c9c0f43cf48d87fe6291a8b2d
frontend/public/landing/db-logos/oceanbase.svg	1f817c621b9610270f2d05cd4e375e24360b06bbb80b39ca779b600f89f0cb12
frontend/public/landing/db-logos/oracle.svg	d355bd1561de9aea08928e662bdce5b4834f0dcb6096aa0b04b4eed23fc1fcb9
frontend/public/landing/db-logos/postgresql.svg	c8ccadbd88c9312c2ad3734c4861b31d3485ce179ee91d64793143f83cfa745c
frontend/public/landing/db-logos/starrocks.svg	3a806869e3b57721463f4155ac6aa994aa2fc2972389709edc6e454f706be949
frontend/public/landing/db-logos/tidb.svg	dc15660c76044e939ad5acfc3d341225463200ddba95cd66b98675bf932bf379
frontend/public/landing/en/db-genius-ai-intent-recognition.jpg	ce5c3d0379fdac589efd1736424c2998a1aecfadc5db1526a5b1ae607f7960f0
frontend/public/landing/en/db-genius-ai-sql-query.jpg	d2594eef59682879883ebafce5135f4627c9e68357371d2601536c8fa6c64c19
frontend/public/landing/en/db-genius-database-config.jpg	4121054ba4965fb9aca5f1c8ce2ea0b079f6e8d9fd92d45a09b42bf19facce4e
frontend/public/landing/es/db-genius-ai-intent-recognition.jpg	287df31ab0679df1f63bae7fb64e662dd75e1e65ee149c0332b5e0030471c011
frontend/public/landing/es/db-genius-ai-sql-query.jpg	145410b1d57cf871f0a3f04cd595cbe77739e9274c42b94421c56ed2b373a94c
frontend/public/landing/es/db-genius-database-config.jpg	74870a67c8f6469fee52dea0839f308e4cbe256fc7c0f7f39dd035ee2fc62fef
frontend/public/landing/fr/db-genius-ai-intent-recognition.jpg	6e9e8c57ed3d0590f92bef041cca41f727481c40cca417fc4c5978d27e2255d6
frontend/public/landing/fr/db-genius-ai-sql-query.jpg	7b0b5680da0b96f3276f9650ad9d3fff40338a68bc6ddd4b03ee7606c6751df6
frontend/public/landing/fr/db-genius-database-config.jpg	b0600025d068006f8a1496c333073005edb28639ef9964a9f835de96a5e163c9
frontend/public/landing/ja/db-genius-ai-intent-recognition.jpg	78f182af650b5b00a5a3590a660d15d93e5dc0a5f72c34fe9bf24135d4d89845
frontend/public/landing/ja/db-genius-ai-sql-query.jpg	76670979e4359fe72478cca0454810b8dcf03356a50c4d3a0f591cafbb52681b
frontend/public/landing/ja/db-genius-database-config.jpg	1b135d71ff585cb7a7d045763748d72eb0ba1989da72a24038a9df093ce93213
frontend/public/landing/ms/db-genius-ai-intent-recognition.jpg	dfe977d3faedb61737fc3305eb39fce0ee48a2d1c2eeec694a60fdde9d24839e
frontend/public/landing/ms/db-genius-ai-sql-query.jpg	39cf9982c3a4999d0b1e6ad5f88f29757fbf6156abce3bab13b328ade90b0f4a
frontend/public/landing/ms/db-genius-database-config.jpg	8bfb9b13158ab517b943f92ed567eed36f1adba2da0b7cfd2c3fb93a3ac49a57
frontend/public/landing/zh-CN/db-genius-ai-intent-recognition.jpg	f3a522aaa6a696150a7134ffe331d35e86ffa0bfdfece9f38cb990be4c150b10
frontend/public/landing/zh-CN/db-genius-ai-sql-query.jpg	67d77d08e218792cd27ea20d5ac89a01d2956c1557aad4ccc151febe3a2898f6
frontend/public/landing/zh-CN/db-genius-database-config.jpg	5c0b27a748e38b4616a10ef88c53d1fe0eaf0d8c4e7c0956322015d3f6a151d2
frontend/public/landing/zh-TW/db-genius-ai-intent-recognition.jpg	24c810145c2ff6740c3b61c339db817b7401207aa01870af37b01c34efcd4ddf
frontend/public/landing/zh-TW/db-genius-ai-sql-query.jpg	a08da5c620af1b2bced32fdfb5b5db77776ab9bc294f4f6c368b0744ee55e2cb
frontend/public/landing/zh-TW/db-genius-database-config.jpg	02f9a1d8c8dd4a60cca9972310a85991ce130ba6d1d480546dacf6a052f98ed5
frontend/public/robots.txt	0d508c99336800707350e2f04abe6453e13cd9b489209a99a560a31cfb125419
frontend/public/sitemap.xml	6f024f7f167d74e4d900e45624368658ad76f0edf9c05723a02e0cc008d0ac3f
frontend/scripts/make_landing_assets.py	e73a183103a74b0edef9a7d044bdb66008d28b35d05fe5b3be332ed9c39036f4
frontend/scripts/make_multilang_assets.py	9bc04295171caf51e366865df29cec0ae193d87351144b87a617f2345df63fdd
frontend/scripts/make_og_image.py	060982c6a78d7c7a2190dad534697c37a4c5b3754a41e87c1f3575d43822aa6f
frontend/scripts/redact_landing_assets.py	34ce016142efbb3557994cb5c09a1aa9c6b18ed21826affaa427d4a1d55aaa43
frontend/scripts/shots/capture-all.mjs	a89030ce406033dcc16b42c8af4714a6ae525fed4b42d956b5a483e5ea548d50
frontend/scripts/shots/capture-content.mjs	913482131c7b3d43d3e8bdc69b0763eb743e909926fcba3c6432bdbd70c94ae9
frontend/scripts/shots/explore.mjs	f1f8d8993f2d52b86be58e8dc78545e2235e934f16d35190a471d2d0431b6abe
frontend/scripts/shots/open-conv.mjs	589dcc21e8ff09252e69a0ca40f4ef3b4d74ee731a082060a3b231b6ec883ab0
frontend/scripts/shots/recapture-config.mjs	9fe6d7753fb957b4dd268f4a6d7606c3ed5531b9faf676685d00af0b2d457428
frontend/scripts/shots/verify-i18n.mjs	a325ee9d29c6b764b8302fd58ab43fa68b5e02a54f060b0df12a18b0e5f31a9b
frontend/scripts/shots/verify-landing.mjs	ee87b56d76c465744adb2ac5feb907a12ec8df7e7da795691cb0538ffec8c975
frontend/scripts/shots/verify-seo-routes.mjs	4ad06d1da8bf48bea7e05fd44d81c52349b2abce46368f81f3a369260608ffb5
frontend/seo/sitemap.xml	6f024f7f167d74e4d900e45624368658ad76f0edf9c05723a02e0cc008d0ac3f
frontend/src/App.vue	5a3c86006907a15ba45b440260a6f06575b479a44b793f808c4828c12cc06840
frontend/src/api/auth.ts	b4cab962bbe8bec5603cc30cf729b5ffe0d51a6dcd2b6a40898a3b8fbf8c9a8b
frontend/src/api/chat.ts	2aa366341e498a8c66c0e372d212f77426f66e2bca0f1ac85ddfa7d6f073468d
frontend/src/api/dbConfig.ts	9bd02830f606fe083c5d6736f376292599e58d632d7d96a307c9d140fd54a134
frontend/src/api/file.ts	e243400818d20a47867c54d5678da0b2324db6408ca8757c79d7944225a85d9e
frontend/src/api/modelConfig.ts	ec375d6912c53c7e6f6f2880f0ee7e8abb176ed07d809228a5bb81dc8c60d91b
frontend/src/api/request.ts	9f80e5a0b22f62f2533d98e422cf529e77a82cb12c06e879a378d704eaf48f5a
frontend/src/api/trial.ts	842be93d9560d1cf1b03f831c1793a551e8101cb773fda9b27c1938aa98e75c4
frontend/src/assets/hero.png	881ffbcaafc212e49addad08846a5b82761355fa20624253af3477ba33262c5c
frontend/src/assets/vite.svg	2f1f6c6f90a0ef7422cbb4cfafcd8ad329c507a18afdc34cc21fa72179b9c54a
frontend/src/assets/vue.svg	5532db34f1c52841881bab8aeca6c3e8d092bd21a689a65f4d8f8cf8041eef9d
frontend/src/components/chat/ClarifyCard.vue	78bfa1e975c9dfb19e955b3b74fd7532fb2e48e676a0945b3e2ae8e8da57521e
frontend/src/components/chat/CompareSelector.vue	4684909edda7ce9b13cd51f8c7dd41af76bd23e7f5ad7e561765eb971f8d32b6
frontend/src/components/chat/ContextUsageBar.vue	ce3ae2e9ed6bf4663d95c5d1f7617ff58cc79a669893a7084caabe2b9eb01322
frontend/src/components/chat/DbSelector.vue	69b640d9724adeb091d1021567b9dff6467c9e836d244377a9a4e3fa356e3b41
frontend/src/components/chat/FileUploader.vue	e972cd1c80b10232b4bfbcacbd80ac15d3761a22b99a4783f356fd0b55fe0cab
frontend/src/components/chat/MessageBubble.vue	cd1d6fa25d1f9998700f412b2a999df4fc1dcbd25046234c34d85804f62f6e36
frontend/src/components/chat/ReasoningCard.vue	f0ef492a38c13de65e645605f0831c73cb2e18ddb5ddb54b68590b22a2679c72
frontend/src/components/chat/SseStepCard.vue	0deae456636e308ee62a81c3406efaad2e7932d71a35039fe42f33a22e92929c
frontend/src/components/chat/SummaryCard.vue	abb57d33d5ad45ff02a09c7e12cdbee7ad51a859931232481e528564eef484fc
frontend/src/components/common/ComplianceNotice.vue	c002837f6fa851c7abaa9b26d7dee932189ff4e714dd7d0788122f94bf2883bf
frontend/src/components/common/GitHubIcon.vue	a1f3ff501c1247c93cf0137c52d287c67f59a12505ada7b874339f0a646198f7
frontend/src/components/common/LanguageSwitcher.vue	a0de26b65e882e68b88ea20cada48f70f138bdb25f26732a9b28a7f32f485998
frontend/src/components/common/MarkdownRenderer.vue	48ac40f4522c714c5785c02cb22287e9e474e81d89c2bed072f82e1adc936ef2
frontend/src/components/common/TrialBanner.vue	df187f5530d3134da826a0e514f9d92346b6904c4f53ce706b649f65a68d2cc6
frontend/src/components/landing/CtaSection.vue	9fcae337c58fc27ce2d63390812b7f0c1cab20f16f75827ae0aa5ecde974fe0c
frontend/src/components/landing/DatabaseSection.vue	0235712b5b631acb8e99ba7808dacce7e96691c8c266f21ca72e89918eb52c4b
frontend/src/components/landing/FaqSection.vue	500f667d795fc2968055afd0bcade0972eccd8277f8e467a5c0460856ee0ac6d
frontend/src/components/landing/FeatureSection.vue	a060e9972b6c3b519c731d3b5bdc50926af0daebb405d41af4ca730aea5d46de
frontend/src/components/landing/FooterSection.vue	c7b4a065ebfd0af02dbf59299c8e58e61910026f61b4c4d6d6d1656a04d14ea5
frontend/src/components/landing/HeroSection.vue	3215f482321efbdfdfaf2994f47a375228cd05c812d39e942d28859c68d2cc46
frontend/src/components/landing/HowItWorksSection.vue	26ae92b8eb1ed45336f3a57d575929d95d5442d12976daa9c00dfdf891eecbac
frontend/src/components/landing/ShowcaseSection.vue	31f8a633cea832f0934498c35ab3e29c670abe125adec0a092d2e659064aaadf
frontend/src/composables/dbConfigForm.ts	edc38a4d622c73161c5955d34f66df388a41dc9fa6cf02da79da053536394908
frontend/src/composables/useSse.ts	35c5da06df0e4ad12d6543908675a4e7fc64ad22041a0b0bb68d2819d74c77aa
frontend/src/config/site.ts	2e7c0e1925d9816d92ab6c75a78e05b430dcd052ba9db6f746606ea4557442ba
frontend/src/i18n/geo.ts	89c84ae5101c32cfc8899e6a67d1cf5c94ff0ecbbcbf1d69ba9aab23fad7021e
frontend/src/i18n/index.ts	bc92b5448bf07597a0da0c6230eaa1a8e9a0f6700d92e5276e87f02e211f26ec
frontend/src/i18n/seo.ts	2f9952ae66bb784379fdf66e55532a77c293f52ba647a44685fd81fbd6c11bf5
frontend/src/locales/en/admin.ts	c16fa00c9954e1ccddee6cbe19fb5b4efc3cbc9051416172237293ce6a8a87b1
frontend/src/locales/en/auth.ts	252c3550dc781638dd18f25166f2605b40764a6db2856706991949859838d086
frontend/src/locales/en/chat.ts	d8224f4bdc0284180687a715d2c5698cb9413dda42dd9bcd447a50a408e79960
frontend/src/locales/en/common.ts	193583173971ade464fb3fdc192222f5681df9f5833c9c77e0dbbd04e7f26d32
frontend/src/locales/en/comps.ts	95647083fece704d04c06e9c931c735d33265dd52984134cc16cf8f940723f40
frontend/src/locales/en/index.ts	617fe6f5433bef0768683fd951f4a8e1e7d86ea56a612daac0b7c68b84cb854b
frontend/src/locales/en/landing.ts	679f399495d61d50071d3c7b761bdd20a5e79ec1657d600875bf77b10a641f7b
frontend/src/locales/es/admin.ts	05115beb9ec2ee986a7702e11313506e7b248f0ceffde3e41511618203d757f1
frontend/src/locales/es/auth.ts	ea754c7e3d4d142fd4bf3d9cde0f821549edaeb08716064bed734d6ccf82b87b
frontend/src/locales/es/chat.ts	1c57627f256eba84ed98e5cfd5b03ab249f8a95eb6470425c617ca662a736bee
frontend/src/locales/es/common.ts	5570f373ba32d0ab17d69fb49be96979e3d814e91853e5325aa3f3e766f6e051
frontend/src/locales/es/comps.ts	57c26959144bf8017e6f765f1ecb4c9a4efa3653138b51ee4bebebe66ac11fe3
frontend/src/locales/es/index.ts	617fe6f5433bef0768683fd951f4a8e1e7d86ea56a612daac0b7c68b84cb854b
frontend/src/locales/es/landing.ts	fcbb582124cb244322df7060a33ecbe7f6253fb760bfd7aebd59796945b69b70
frontend/src/locales/fr/admin.ts	c18e99b9895163e81931f1059b5b57d68dbcfd60ea1b8fa769c9869b4eef7b25
frontend/src/locales/fr/auth.ts	fef06b50662f35c0a59c1e8c849468fa6cadaa8ddf643edc02d3815fb6c0a1f4
frontend/src/locales/fr/chat.ts	dc412edbb88a6c6df1a4fe81e516d23ac8cae742a9e3586bca7d31de31815d21
frontend/src/locales/fr/common.ts	c963ea5251546fd1a28f27bb03c89d209c09e1c6c63f1304d8bf9276485b83b4
frontend/src/locales/fr/comps.ts	6ce127f8df6eb063303239e597110972526ecd7b34dd91a8a47434a436f1d6da
frontend/src/locales/fr/index.ts	617fe6f5433bef0768683fd951f4a8e1e7d86ea56a612daac0b7c68b84cb854b
frontend/src/locales/fr/landing.ts	ea0a0a57102fde5e2459aca560547a5a0c8803ebff5e9bfb79dc4648705945eb
frontend/src/locales/ja/admin.ts	b8a843ebc0e6428296b18c356adc4fc896394e394c28a12d33a1e5040f8d7cbe
frontend/src/locales/ja/auth.ts	9a7b9b682a1768fa3d84e30d2c956f8caef483a9c9842bbea861211282ed3bf7
frontend/src/locales/ja/chat.ts	885f413343273435a17f1d7808ec6895ef41a822628c3fe0ce8590ba82670e20
frontend/src/locales/ja/common.ts	c81b0549509d703f398d8ea03231ffcd4212a90d32e644de433666d9d3117482
frontend/src/locales/ja/comps.ts	8d3fc43ea155a559e61965cfb83e83514ea67d82309cb9ed5d35074128e21022
frontend/src/locales/ja/index.ts	617fe6f5433bef0768683fd951f4a8e1e7d86ea56a612daac0b7c68b84cb854b
frontend/src/locales/ja/landing.ts	e45883417cdf341700376b0101e2af5aa849f35cc031db201847384829deecea
frontend/src/locales/ms/admin.ts	0813ba01a1bce68d16477b72bf85651a3d6ccfa4d360d6706fe15e10c547e98d
frontend/src/locales/ms/auth.ts	8f709ac56c0866497c13dfa9bd422ae9726e9c6e4711dc1b3b7d97f93aafd003
frontend/src/locales/ms/chat.ts	17bf5911bde792a290e0fa5ab14efd2ac79c9c665c2eb19501595322f64b1d76
frontend/src/locales/ms/common.ts	3759fc0d589baa16d97d32a3a093fea54137f176f554407c10440f01e01fe240
frontend/src/locales/ms/comps.ts	4372e2493d03d26b627f8d9c651215b70b4c391c0bc04f83e5f8375a51795b0b
frontend/src/locales/ms/index.ts	617fe6f5433bef0768683fd951f4a8e1e7d86ea56a612daac0b7c68b84cb854b
frontend/src/locales/ms/landing.ts	3cb51371717b9f43760f7d0c9686d3a8253f3ec96112a85bd4fd9923c85e0b7d
frontend/src/locales/zh-CN/admin.ts	c1385c1318e1ab0ceb92eee3536142ab4ddc490c6e5f4b433b2b5c5c8511ac3c
frontend/src/locales/zh-CN/auth.ts	af83a5272806e2d3680354ad4466fba47d93756a1887c2c09577756212c72e48
frontend/src/locales/zh-CN/chat.ts	91b304b3c920ea7cc9647001ed4c21fe3910b6b0bde6ff10862c150d837868b8
frontend/src/locales/zh-CN/common.ts	037dd782398d55c0b175df83d59c5da1ab90c9c2f3b546c718a5f0f3397bd2a3
frontend/src/locales/zh-CN/comps.ts	a63f3af34b88f86f0489cbe68b366ad2bee56ae4ea97f3f53ed718a2afca7d49
frontend/src/locales/zh-CN/index.ts	617fe6f5433bef0768683fd951f4a8e1e7d86ea56a612daac0b7c68b84cb854b
frontend/src/locales/zh-CN/landing.ts	381f0d552e7b95ba4238669bf09be2d8044a080e80d229d8deece775236e28b7
frontend/src/locales/zh-TW/admin.ts	689d8d3e3590778dbd960c91c5cadfd290d9137da752dc53e9478231654bd4e1
frontend/src/locales/zh-TW/auth.ts	9c1596237f1fa2faec811ef3476e21d9f24f46d1cb049829bfc39fb33d9e026e
frontend/src/locales/zh-TW/chat.ts	8a4ff72241f72bae0ce70b847b433b53e02dbf5e6e762b4b90a900195311c501
frontend/src/locales/zh-TW/common.ts	f739778c195a8a986d3c8c154a7c2ead59a49ae9fb927a6a2ac6d06fc0327125
frontend/src/locales/zh-TW/comps.ts	5323ff5f3de7cbeab04d82fb0664fb55284a0fdb2d4fc902d9f0b1beb4ff8062
frontend/src/locales/zh-TW/index.ts	617fe6f5433bef0768683fd951f4a8e1e7d86ea56a612daac0b7c68b84cb854b
frontend/src/locales/zh-TW/landing.ts	73336b00ad61ddf7b98b95902acf8413c59a979b3762c7c26c4383670a8fb2a1
frontend/src/main.ts	034bdfa060fe1caf0065dbb7eb6fba3ddce7c6cbafe3f1becbc1a53589e092ef
frontend/src/router/index.ts	3e75556c37b53025e51564b299ed91a80b13f5c99f64efd60eaf2325b8acbbae
frontend/src/stores/chat.ts	7b6ad5b69d61967dc66014396f8ca2121c29ba26b84c7b223352b99ede718fd9
frontend/src/stores/dbConfig.ts	3a11473eac6e5714b388afdfda0d9eadd60cd3b363e85e31e51ebbb2c4ae8df3
frontend/src/stores/trial.ts	74bebcbbdb8ae6337a31e343796150930504afe180f6c63a247291296c266a90
frontend/src/stores/user.ts	d49f992f0546828db9dc57d9fef36fcd09e78e2293de4f2472aeedae5cfff720
frontend/src/style.css	4e3bbb3a4d0f859c86ab65ecdf005b63981aea898a5355821762f83c79aedd31
frontend/src/styles/global.scss	de1ef05142a0de24275013069dc1ba09f72ea653aed46630121cba4039f06c0a
frontend/src/types/index.ts	fb45cb3d4a6ce94d6f659eb893e5902fcb55681071efea7a93010b6878b8c15c
frontend/src/utils/auth.ts	ffe43f5489b9a65725e50a3973b272ee83ebfde6c9fcec0d09aca21896de986d
frontend/src/views/admin/AdminLayout.vue	0ad70495270a01077ff170958dc129a92de30ed317b2ca162cf071dd527757a7
frontend/src/views/admin/ChatPage.vue	c346259da6390f85cf11537d70f49ac2a6388e6e641a97ef4392f45c0b935cb8
frontend/src/views/admin/ConversationsPage.vue	157a888fdaf43702f26e3abe76e104a1ab4f81c0f22fed7f51f550bc8a952c9e
frontend/src/views/admin/DbConfigPage.vue	a4c1def74562ee0bb91cb38fa071fbe55a98098b058afd84684aab9bd8b03e96
frontend/src/views/admin/ModelConfigPage.vue	d4c35e686aef94111dc7c92ccc8d22e1c048785aae01930c7c0d599df77c5354
frontend/src/views/landing/LandingPage.vue	fb6c8f236a5a4a6e53e562a6678d931f089a00cbc151355486a1b963e43d93df
frontend/src/views/login/LoginPage.vue	e4ecad86d20ad34e97bd1758e9e88113759908f4c46c937ac8dc689e9899d38d
frontend/tests/chat-contract.test.mjs	9bbb2f87a2239b94220a055db096795403177c65b960043f19ba684d594db9f8
frontend/tests/fixtures/chat-contract.json	d67963a8b426fa2cdbcec0bd35bffbdf995fa555efc29f9866c9b877139e414e
frontend/tests/fixtures/s07_api.py	49a2e72670bb254e8e1010eb916741d2cd5762b3e5b5b4bbc677623d9341d43f
frontend/tests/fixtures/s13-browser.mjs	7864a8c0b419eb6752623eb50dd45d31a2cc098118578f2707182c4ed80389a4
frontend/tests/fixtures/s13-test-vite.config.mjs	963ba8978ec2dc841ececebe9960771bad92e30cdc79d4a232f67d7036aa0e39
frontend/tests/fixtures/sse-stop-test-helper.mjs	212abf842fa96e159e2fbb091e9a3644d0b81e77ba6116c0adadbdbcb51cd490
frontend/tests/fixtures/sse-test-vite.config.mjs	c3825173ec3f01c7d3a1837ea717fb49d63bef31c1e32fe13e4af4cee33b2946
frontend/tests/s07-chat-e2e.test.mjs	f15155830ffacb0b33ecd91e74adb5be26087ec06c13149f8359ea3cdf7af690
frontend/tests/s09-context.test.mjs	ff6421e25a35ad970d4d0b8e8a0d27ffc166a569a820569bb975380c93d0e70e
frontend/tests/s10-upload-contract.test.mjs	a91fb40a6a4edae53909e5cb6266dc1aaa8bc90c751ba7ca8bdede57e98f57d8
frontend/tests/s13-db-config-contract.test.mjs	d909d00456d2c8f4df63f9ff9ba01d8557d6038854ec16ee7a1f8cc25c59dacf
frontend/tests/s13-product-alignment.test.mjs	0bdaeb8924ebce25d5e8c03bca0c5f0787f839815e770f18c05a73295fc73feb
frontend/tests/s13-trial-ui.test.mjs	2975b5a07724e862277043e5be45a8f5c77e814b6e2bf94324ce93ea64d102f8
frontend/tests/sse-eof.test.mjs	ad4faa62c5467f035ca3fc514be4e32b53c367f169c6c41269f14abbfea9ad2f
frontend/tests/sse-stop.test.mjs	c813f1bdd7d4fcf7aa674e12fe1f7cb28582cee8229d4fe0732b1fabf628e1b4
frontend/tsconfig.app.json	cd56680ecbb630af7c5b3354b05f6a5978b8b1f1863b30139d599443aadc9056
frontend/tsconfig.json	ad28d132ee48d6e23917cf5827cace785d0fc01a44ca68b0dda51cc8c3fd3f52
frontend/tsconfig.node.json	a9e6c7f6fd3ec455a6fe1d4fbb83091e774b62fe116008ab6d8c5e1e88af4629
frontend/vite.config.ts	45724eb59e37f89dbb7ba7c4ec097b2f67c753c30a46eab398157d147d6f6eb3
scripts/acceptance/java_runtime_contract.py	615057c075421afd1e5503ae2f733070d2abebe253c23f7665a5894b6ff87c62
scripts/acceptance/real_model_benchmark.py	8d96dafaf07542b82df02fdf9ddd3e859511615f738cc44a0daa2c68eb9a722d
