path	sha256	bytes
backend/app/agent/graph.py	b837b606ded8b90946de7aada4b07766823d78669f90da73efa0aff3d5f9c5df	7828
backend/app/agent/streaming.py	bbee2b278b9c376a5b379bf8f832a889d50dc515667481ed8bf91db168f0bd71	5552
backend/app/services/context_compress.py	9cd10187301c618b072508b65a73b23163a34da084754b46166d55f25c61fa8a	6575
backend/tests/test_model_parameters.py	7caaec89a5cf0379c07d2cc25eea084a3fb1f377cfb5a104b7bb8783f007a726	9638
docs/phase-06-model-parameters/README.md	dc28673b82f3568cc65279ad42ec2c37bbcc877b3812563e834f4167ead4f8b8	3333
docs/phase-06-model-parameters/mypy.txt	cc38e4fc47772ad940dc87c85d49e2bf3c30fa502f4836102c10b21ca3a62954	45
docs/phase-06-model-parameters/pytest.txt	e8b6b96b80ee437463e6efa4faaf311d03413c4744de3c7c5dd06053f49d513d	276
docs/phase-06-model-parameters/ruff.txt	a4443afdcfb6d7363adb285762515ccf7cf50473b1a05c20c1a50f6bed4d26b0	20
docs/phase-06-model-parameters/run-checks.ps1	267d9908923a056e2f93478d8e67adcd4a841ad98f83fd3b3bc8de120d2038e1	3208
