action	path	sha256
M	AGENTS.md	40e6077143141ab1451fe2dbc87cb7fe3825b012790785dbab013a5218c05258
A	backend/app/agent/context_runtime.py	8d2d6d992abd61943ecb7e15f1e0b37b2e58611db4f350eb81a73d16ff312ab4
M	backend/app/agent/graph.py	bd74dfb24e49b0073e1ab2e46cb058c23f74472321cb56eb805517176b284d3e
A	backend/app/agent/graph_sql.py	a37d437145104634295d97f5d88815d50aa66c0cbd04e3c071171150cb56242b
A	backend/app/agent/output_guard.py	2772dcb22b68f870b9d4bcf095e487975459527ca64effd6edfc26c5f6ce7bd8
M	backend/app/agent/prompts.py	c508a69afb022df2bf6cac4ce04e07b575c1605f14c35842d165b7843300b4dc
M	backend/app/agent/tools.py	bfc64736c06fb050d77b371e0c508c20796f6c7de2eae59c7e1109a5c65942b9
M	backend/app/api/chat.py	ea908ae5fde06fe8103e3d123fbb7fd250dda93cfa351055f8a5b30301379d67
M	backend/app/core/config.py	786d416ead955d26f753b7d64b262f07f974b1bfe521fd437ff6ad3fcab33938
A	backend/app/resources/prompts/_context-policy_en.md	2a5b628cc6496e8baf87e4d1ebb41ac3337618613d527265ca24e0dded16c4bd
A	backend/app/resources/prompts/_context-policy_zh_CN.md	92edb60a409547650096d6cf3beccfdd9509e8c4a5e589b4d1fc87e3a368e038
A	backend/app/resources/prompts/db-compare-agent-system_en.md	f07a711470baea9ccfa25ef47f6caef2f037c7dbbb33ffdfa1aed143c92b4994
A	backend/app/resources/prompts/db-compare-agent-system_zh_CN.md	12d789f3c8b4f1820f697889f2477518dc35b3cd7f7e2489ab6ac2b0ebc25a99
A	backend/app/resources/prompts/db-sql-agent-system_en.md	3f2cd272f09edb930c9e9ab6e84d182d2e79b7b38b843d13172cbf291f669139
A	backend/app/resources/prompts/db-sql-agent-system_zh_CN.md	780fe1ed128c26da93eab49e74d7408e0e684b13eba60ba1656c65df21002e27
A	backend/app/resources/prompts/db-workflow-agent-files_en.md	0819aaf6c047c24c15a3a096de6892fc79d1ff5c12370ad8e145b735f9c53a77
A	backend/app/resources/prompts/db-workflow-agent-files_zh_CN.md	df62a04901bd87a3374d2745bd63e517b905dba35653edaf007daf17abd5e3c2
A	backend/app/resources/prompts/db-workflow-agent-system_en.md	39e8bdfcd974d39f8cf84e0fda553a018d63a5e7fbc85ee296d8892337ee845e
A	backend/app/resources/prompts/db-workflow-agent-system_zh_CN.md	d74155402a9ccacd8a217a8a8465f7b9189d298570e98809987aaac6a85d43f3
A	backend/app/resources/prompts/intent-classifier_en.md	b557d0fc19aee19a1624bd24e871c2c8005c745e544f9ae7229d8caab910be8e
A	backend/app/resources/prompts/intent-classifier_zh_CN.md	7ee47d189ae283dafb2cb04afa3726e0bf093212f7622572967ae011ca949b22
A	backend/app/resources/prompts/simple-chat-agent-system_en.md	d8e9ee4ff683ad43ca0227f01e6ecee1cc0aa1a9b2a1b071fe02e947b90eafa9
A	backend/app/resources/prompts/simple-chat-agent-system_zh_CN.md	4cd9045cd6b51a2c9364ca034f4488f439b4d2a34f514d9265396e51fe2b565e
A	backend/app/resources/prompts/step-condenser_en.md	b1a8f5598ae114089fc190eb9c0852eaeaab4bb470cc95c61ac842a0a3673390
A	backend/app/resources/prompts/step-condenser_zh_CN.md	bc7a9a9ce34f69bd59fe41775bc25c5ea2167e3e6a1111f617854aa5e20ce8d2
A	backend/app/resources/prompts/summary-compressor_en.md	2c8aca8370ee3a675cf3588e248c4ff336cc7b54be4853b88c59fcbb669ffe16
A	backend/app/resources/prompts/summary-compressor_zh_CN.md	89eabdc125d264c85ba708ad8d914d10698c53bfd0b304c86ad37ae3c8b7fce3
A	backend/app/resources/prompts/tool-call-summary_en.md	068da577549590f5a26355e43a731d093aaac22f37ac4078a0acb5617f987c43
A	backend/app/resources/prompts/tool-call-summary_zh_CN.md	48fb8a8cb3edc2d28fb1c25b4ebcdd2289cee0abafbb8a79cb7c69604a8cb74b
A	backend/app/schemas/context_compress.py	9c324628759ace14850c5c1062d74a51ad4e5a8efba96dcf63403cb9e9aac973
M	backend/app/services/chat_store.py	63156fe869fe8565fe7a4ce3af0c42322ae6d43f3754e16b7df176a824609c91
A	backend/app/services/context_compress.py	0e57aa609cb630d5ca778c840b55ae302d1090ca55c095e436bcfa4ff13e4906
A	backend/tests/test_context_cancel.py	cbb2df51cdfed1df0a1bd698136e54231834860404c9b4d850526700e84063c4
A	backend/tests/test_context_compress.py	8e4b1a280c083ef4ad86a22f6a75fcf82c0de1474e2aa2f4bf1643920a7a3f5c
A	backend/tests/test_output_guard_contract.py	d678c966b4da01096a42c433b7f8a2a098124c5834110a0a38de634ba6a98090
A	backend/tests/test_prompts.py	fce8dbc6e78b95767a35ef28f0eab5750c2dffdc187b86ac910ed40aba9efd6b
A	backend/tests/test_runtime_governance.py	b223ffc29ef9fee061317a97334fcd9d991eebf9f714006a2edd49f2584c2d90
A	backend/tests/test_sql_termination.py	75738cfd9792a140519db8e498491b3d2cd12518166eb46846fe596938f7e5dd
A	docs/phase-09-acceptance/README.md	7a0fd58057249ab7ec6fb1806d5a1bb73d34e548cc5952c546ab43c17b312f4d
A	docs/phase-09-acceptance/checks.txt	1e5024f70cd26ed6073e3b1387d41ac7f788afaaa4357400a1370e6cf4252f79
A	docs/phase-09-context/README.md	c47b45ca20c8c96a06d2dc2fe0f71ac1fb770015ec02c905a20ace1ac62558d7
A	docs/phase-09-frontend/README.md	b036e7a5063b3c14bc8e8f73219ae9a19c33d94272876d4201865dbfaf742920
A	docs/phase-09-prompts/提示词资源与加载.md	81c199d47b5d3011114db1765e2a13d95b97f36f946acfdb9c47574b9e7eb85b
A	docs/phase-09-runtime/README.md	dd2dee5a2e82c888728c35f4a6e24e2c3f61fc036f186896b6118b26f74d0cb2
M	frontend/src/components/chat/SseStepCard.vue	0deae456636e308ee62a81c3406efaad2e7932d71a35039fe42f33a22e92929c
M	frontend/src/locales/en/chat.ts	cf6c68fb709be6ebca90e59db0591e94ee6751ace1a39fb3f13ad25f238b4e55
M	frontend/src/locales/es/chat.ts	315ab8b5f26075ca45fabb9a30d3f9c7b3e415021e935e9144fb5fb03ca98c97
M	frontend/src/locales/fr/chat.ts	aaad776f01ea5cc3fe53823b65e819066ad81f20edbcdbaf5cd67d089ec5c86d
M	frontend/src/locales/ja/chat.ts	8bb9b30735b9aa5f58485ee8d9eb70b439ad9535e43ff5388b65cd61f09c43c1
M	frontend/src/locales/ms/chat.ts	6f5d9f0a36e4e3cdde1898df000ab3abde9df9761c29e7b0efcce3162227d398
M	frontend/src/locales/zh-CN/chat.ts	f8fe2411397a52ef347fc165489c0b0c300057cb2e22ebb4f8708ce003bc64ea
M	frontend/src/locales/zh-TW/chat.ts	0661e26c95768a4a2c05f6f2b2481556f35d2d93c4d313c7f4fb255be224ee70
M	frontend/src/views/admin/ConversationsPage.vue	157a888fdaf43702f26e3abe76e104a1ab4f81c0f22fed7f51f550bc8a952c9e
A	frontend/tests/s09-context.test.mjs	7a31d21ac9f15d5761748cf9fc03e7870ff5d78f6196de7bf011e3e1f810557a
